Item Name,Discount,Original Price,Sale Price,Delivery Info,Rating Score,Total Reviews
"주니 유아용 자기주도 빨대컵 210ml, 화이트, 1개",28%,"35,000","25,000","내일(금)  
 도착 보장",90,119
"한글떼기 1~5과정 세트 전5권(개정판)(유아4~7세), 기탄출판",10%,"30,000","27,000","내일(금)  
 도착 보장",100,1692
"초등 미니 논술 일력 365, 서사원주니어",10%,"19,800","17,820","내일(금)  
 도착 보장",100,18
"락피도 철분 키즈, 90g, 1개",55%,"37,000","16,540","내일(금)  
 도착 보장",100,2905
"아토팜 판테놀 유아 크림, 100ml, 1개",48%,"47,000","24,110","내일(금)  
 도착 보장",100,740
"쁘리엘르 유아용 다이노 면 방수패드 대형, 민트, 1개",33%,"34,830","23,220","내일(금)  
 도착 보장",100,4708
"세노비스 키즈 츄어블오메가3, 150정, 1개",49%,"49,000","24,970","내일(금)  
 도착 보장",90,9128
"차일드라이프 액상 칼슘 마그네슘, 1개, 473ml",7%,"28,000","25,910","내일(금) 새벽  
 도착 보장",100,1115
"다이비프로 익스트림 풀페이스 스노쿨링 마스크, 블랙화이트",No discount,No original price,"25,900","내일(금)  
 도착 보장",90,4900
"블랑101 고농축 유아섬유유연제 시그니처향 본품, 1.6L, 2개",11%,"48,230","42,780","내일(금)  
 도착 보장",100,10798
"라비킷 라이너 루프트 필로우 아기 짱구베개, 1개",47%,"83,900","44,400","내일(금)  
 도착 보장",100,3031
"스탠리 클래식 레전더리 진공 보온병, 매트 블랙, 1L, 1개",27%,"59,000","42,620","내일(금)  
 도착 보장",100,1591
"락앤락 웨이브 보온 죽통, 블랙, 550ml",62%,"52,530","19,800","내일(금)  
 도착 보장",90,2423
"앱솔맘 식이섬유 주스 200ml, 24개",19%,"25,500","20,570","내일(금)  
 도착 보장",100,4335
"무스텔라 젠틀 클렌징 젤 샴푸 앤 바디워시, 750ml, 2개",No discount,No original price,"39,430","내일(금)  
 도착 보장",100,5969
"마더케이 디아 세탁세제 1L, 2개",8%,"27,800","25,500","내일(금)  
 도착 보장",100,1521
"스탠리 클래식 레전더리 진공 보온병, 해머톤 실버, 1L, 1개",27%,"59,000","42,620","내일(금)  
 도착 보장",100,1591
"상하치즈 유기농 아기치즈 20매 2STEP, 360g, 3개",15%,"28,900","24,360","내일(금) 새벽  
 도착 보장",100,18621
"덴마크 유기가공식품 인증 짜지않은 아기치즈 2단계, 544g, 1개",No discount,No original price,"13,800","내일(금) 새벽  
 도착 보장",100,4234
"벨베이비 영유아 자석블럭 빅사이즈 35mm, 1세트",30%,"56,000","39,000","내일(금)  
 도착 보장",100,170
"레모나 카카오프렌즈 레모나산 랜덤발송 150p, 300g, 1개",17%,"37,500","31,000","내일(금)  
 도착 보장",100,3578
"마이비 피부에순한 유아세제 리필, 1.6L, 4개",51%,"35,200","16,970","내일(금)  
 도착 보장",100,2644
"조르단 스텝 2단계 유아기 칫솔, 랜덤발송, 1개입, 10개",No discount,No original price,"24,560","내일(금)  
 도착 보장",100,22520
"베베쿡 처음 먹는 배도라지 유아 음료, 배도라지맛, 100ml, 40개",42%,"50,000","29,000","내일(금) 새벽  
 도착 보장",100,2189
"아띠래빗 일회용 방수 턱받이, 60개, 아띠토끼",36%,"26,700","16,970","내일(금)  
 도착 보장",100,742
"궁중비책 헤어 유아샴푸, 350ml, 1개",32%,"23,000","15,610","내일(금)  
 도착 보장",100,5681
"광천김 핑크퐁 유기원초 키즈 조미김 2g, 김, 40개",27%,"18,360","13,370","내일(금)  
 도착 보장",100,4100
"보솜이 메가드라이 팬티형 기저귀 여아용, 특대형(XL), 104매",13%,"34,320","29,760","내일(금)  
 도착 보장",100,1097
"비앤비 섬유세제 리필, 1.8L, 3개",48%,"32,700","16,850","내일(금)  
 도착 보장",100,13919
"베이비본죽 후기 이유식(만9-11개월) A세트, (한우미역깨죽 + 시금치콩나물죽 + 한우백만송이비타민죽 + 닭녹두버섯죽) x 180g, 1세트",No discount,No original price,"20,400","내일(금) 새벽  
 도착 보장",90,3511
"블랑101 고농축 유아섬유유연제 시그니처향 본품, 1.6L, 1개",No discount,No original price,"29,820","내일(금)  
 도착 보장",100,10798
"톡투허 퉁퉁이별티, 1.5g, 30개입, 2개",25%,"42,100","31,500","내일(금)  
 도착 보장",100,2862
"폴메디슨 키즈 아토 표백제 1kg + 계량스푼 세트, 2세트",28%,"27,220","19,440","내일(금)  
 도착 보장",90,16440
"버드시아 유아세면대, 아이보리, 1개",62%,"40,000","14,900","내일(금)  
 도착 보장",100,874
"보솜이 메가드라이 팬티형 기저귀 남아용, 특대형(XL), 104매",13%,"34,320","29,760","내일(금)  
 도착 보장",100,1958
"앱솔루트 명작 2FL 분유 2단계, 800g, 3개",2%,"57,970","56,680","내일(금) 새벽  
 도착 보장",100,1962
"모윰 손목 치발기 별 + 포니 + 전용 케이스 기프트팩 세트, 손목치발기 + 전용케이스, 코랄베이지, 옐로우",34%,"37,000","24,200","내일(금)  
 도착 보장",100,7381
"베이비뵨 이유식 턱받이 스몰 베이비 빕, 파우더 그린,파우더 핑크, 2개",15%,"25,000","21,250","내일(금)  
 도착 보장",100,1377
"러닝리소스 넘버블럭스 1-10 IN93417, 1세트",11%,"39,600","35,100","내일(금)  
 도착 보장",100,814
"일리윤 튼살크림, 330ml, 1개",38%,"44,000","26,900","내일(금)  
 도착 보장",90,7979
"천사점토 지점토 120g, 2개, 흰색",7%,"17,020","15,660","내일(금)  
 도착 보장",100,1446
"궁중비책 유아용 프리뮨 샴푸 앤 바스, 350ml, 2개",2%,"24,920","24,240","내일(금)  
 도착 보장",100,4016
"팸퍼스 통잠팬티 팬티형 밤기저귀 남녀공용, 5단계, 104매",12%,"58,900","51,770","내일(금)  
 도착 보장",100,272
"블랑101 세탁세제 시그니처, 1.6L, 1개",6%,"27,160","25,360","내일(금)  
 도착 보장",100,6192
"키움정 성장발육 건강기능식품, 240정, 1개",42%,"79,000","45,600","내일(금)  
 도착 보장",90,13245
"무스텔라 이드라 베베 바디로션, 300ml, 2개",38%,"41,000","25,280","내일(금)  
 도착 보장",100,7130
"베베쿡 처음먹는 유기농 보리차, 120ml, 40개",1%,"30,300","29,940","내일(금)  
 도착 보장",100,15433
"마이비 멸균 아기 구강티슈, 249g, 4개",31%,"40,000","27,320","내일(금)  
 도착 보장",90,13542
"하기스 매직컴포트 팬티형 기저귀 남여공용, 5단계, 136매",9%,"65,640","59,460","내일(금)  
 도착 보장",100,1051
"더트웰브 2단계 토들러칫솔 12~36개월, 파스텔, 12개, 1세트",36%,"29,800","19,030","내일(금)  
 도착 보장",90,4900
"킨도 프리미엄 오슬림 팬티형 기저귀, 4단계, 144매",29%,"79,000","55,660","내일(금)  
 도착 보장",100,5219
"텀스 탱커 대용량 보온보냉병, 실버, 1200ml",59%,"49,750","20,110","내일(금)  
 도착 보장",90,3084
"뷰카 주니어 마일드 고불소 구취케어 치약 포도향, 110g, 8개",43%,"40,400","22,900","내일(금)  
 도착 보장",100,2384
"아토팜 MLE 크림, 160ml, 1개",53%,"50,000","23,370","내일(금)  
 도착 보장",100,11747
"세노비스 키즈 멀티비타민 미네랄, 120정, 1개",36%,"38,000","24,060","내일(금)  
 도착 보장",100,14377
"팸퍼스 베이비 드라이 엑스트라 흡수 팬티형 기저귀, 5단계, 156매",12%,"77,700","67,900","내일(금)  
 도착 보장",100,59
"코멧 논슬립 헤링본 PE거실매트, 그레이",36%,"39,900","25,490","내일(금)  
 도착 보장",90,1957
"하기스 2022 보송보송 밴드형 기저귀 공용, 2단계, 204매",37%,"54,600","34,210","내일(금)  
 도착 보장",100,23159
"하베브릭스 6in1 변신큐브, 그레이 + 옐로우 + 민트 + 핑크 + 블루 + 네이비",36%,"39,000","24,900","내일(금)  
 도착 보장",100,8037
"2080 키즈 펌핑치약 멜로우 220g + 2080 키즈 펌핑치약 스위트 220g 세트, 1세트",53%,"24,900","11,590","내일(금)  
 도착 보장",100,714
"하기스 2022 보송보송 밴드형 기저귀 공용, 2단계, 204매",37%,"54,600","34,210","내일(금)  
 도착 보장",100,23159
"하베브릭스 6in1 변신큐브, 그레이 + 옐로우 + 민트 + 핑크 + 블루 + 네이비",36%,"39,000","24,900","내일(금)  
 도착 보장",100,8037
"2080 키즈 펌핑치약 멜로우 220g + 2080 키즈 펌핑치약 스위트 220g 세트, 1세트",53%,"24,900","11,590","내일(금)  
 도착 보장",100,714
"코멧 오리지널 플러스 아기물티슈, 20팩, 120매",47%,"43,800","22,870","내일(금)  
 도착 보장",100,2244
"앱솔루트 킨더밀쉬 200ml, 우유맛, 24개",3%,"25,640","24,750","내일(금)  
 도착 보장",100,18388
"퍼기 이유식 마스터 6~10인용 밥솥 칸막이, 브라운, 1개",52%,"49,900","23,950","내일(금)  
 도착 보장",100,1203
"아토팜 탑투토 올인원워시, 2개, 460ml",53%,"70,000","32,500","내일(금)  
 도착 보장",100,18698
"다우니 엑스퍼트 센서티브 초고농축 섬유유연제 본품, 1L, 3개",No discount,No original price,"29,300","내일(금)  
 도착 보장",100,15089
"무스텔라 유아용 젠틀 클렌징 젤, 500ml, 1개",24%,"20,500","15,400","내일(금)  
 도착 보장",100,5969
"편강율 아토 고보습 베이비오일, 190ml, 1개",58%,"32,000","13,300","내일(금)  
 도착 보장",90,5110
"로맘스 에어키키 팬티형 기저귀 아동용, 5단계, 104매",4%,"33,900","32,220","내일(금)  
 도착 보장",100,2498
"경남제약 레모나산 틴케이스 120포 + 쇼핑백, 240g, 1세트",33%,"30,000","19,850","내일(금)  
 도착 보장",100,4666
"일동제약 비오비타 배배 유아 유산균, 60포, 90g, 1개",6%,"28,760","26,860","내일(금)  
 도착 보장",100,12528
"아토팜 MLE 유아로션, 300ml, 1개",49%,"50,000","25,160","내일(금)  
 도착 보장",100,13685
"닥터바이오 에코 페이스 앤 바디로션, 500ml, 2개",27%,"40,800","29,500","내일(금)  
 도착 보장",100,4160
"비타민마을 메가씨 3000 비타민C 분말 스틱, 270g, 1개",36%,"24,900","15,760","내일(금)  
 도착 보장",90,11453
"하루틴 리포좀 비타민C 1100mg x 90정 3개월 틴케이스 단품, 1개",2%,"46,990","45,990","내일(금)  
 도착 보장",90,10463
"투비맘 엔젤포티 아기변기, 그레이",1%,"25,900","25,600","내일(금)  
 도착 보장",90,3277
"마더케이 프리미엄 Thin 1mm 수유패드, 108매입, 1개",27%,"22,000","15,880","내일(금)  
 도착 보장",90,8392
"앱솔루트 명작 2FL 분유 3단계, 800g, 2개",2%,"39,000","37,860","내일(금)  
 도착 보장",100,46735
"비앤비 섬유유연제 자스민 앤 로즈 리필, 1500ml, 3개",8%,"15,490","14,250","내일(금)  
 도착 보장",100,33890
"앱솔루트 센서티브 분유 2단계, 900g, 1개",26%,"45,000","33,000","내일(금)  
 도착 보장",90,60
"닥터라인 헤모키즈 맛있는 딸기맛 유아철분제, 120ml, 1개",No discount,No original price,"24,590","내일(금) 새벽  
 도착 보장",100,1065
"코멧 베이비 코지핏 팬티형 기저귀 남여공용, 5단계, 108매",11%,"32,900","28,990","내일(금)  
 도착 보장",100,15474
"이지캔 매직 공용 리필 280, 10개",No discount,No original price,"19,900","내일(금)  
 도착 보장",100,10061
"대상 집으로ON 핑크퐁 멸균 앙팡 칼슘 우유 150ml x 24p, 우유맛, 24개",19%,"24,610","19,900","내일(금)  
 도착 보장",100,5250
"브라운 베이직 플러스 유아물티슈 캡형 55평량, 102매입, 10팩",41%,"28,900","16,920","내일(금)  
 도착 보장",100,7742
"마켓비 SIGTAG 유아식탁의자 + SIGTAG 유아트레이 하이체어 세트, 화이트",10%,"39,000","34,900","내일(금)  
 도착 보장",90,2767
"비앤비 섬유유연제 베르가못 앤 그레이프프루츠 리필형, 1500ml, 3개",6%,"13,650","12,810","내일(금)  
 도착 보장",100,21875
"2080 주니어 1450 고불소 충치케어 치약 애플라임향, 80g, 3개",45%,"21,000","11,490","내일(금)  
 도착 보장",100,932
"닥터포이 웰키커 어린이 철분 & 비타민C, 120정, 1개",No discount,No original price,"16,870","내일(금)  
 도착 보장",100,2833
"아티나 넥베스트 유아동 착용형 수영보조용품, 핑크",6%,"20,190","18,850","내일(금)  
 도착 보장",90,13945
"아토팜 엠엘이 크림, 160ml, 2개",58%,"100,000","41,960","내일(금)  
 도착 보장",100,11747
"앱솔루트 플래티넘 산양분유 1단계, 350g, 2개",No discount,No original price,"27,000","내일(금)  
 도착 보장",100,2343
"팸퍼스 통잠팬티 팬티형 밤기저귀 남녀공용, 6단계, 88매",15%,"58,900","49,900","내일(금)  
 도착 보장",100,272
"브라운 네이처 센시티브 아기물티슈 캡형 73gsm, 70매, 10개",46%,"36,900","19,800","내일(금)  
 도착 보장",100,9199
"남양유업 맛있는우유GT 아인슈타인 베이비 190ml, 24개",12%,"25,900","22,590","내일(금)  
 도착 보장",90,42482
"네이쳐러브메레 국화 리필 유아 세제 1.3L, 2개",No discount,No original price,"71,820","모레(토)  
 도착 예정",90,15678
"퍼실 센서티브 젤 유아 세제 1.35L, 3개",21%,"30,300","23,760","내일(금)  
 도착 보장",90,27815
"페넬로페 미라클 올데이 팬티형 기저귀 공용, 빅형(Big), 80매",45%,"65,800","35,760","내일(금)  
 도착 보장",100,7022
"하기스 2022 보송보송 팬티형 기저귀 공용, 7단계, 68매",36%,"54,800","34,730","내일(금)  
 도착 보장",100,44141
"앱솔루트 명작 2FL 분유 2단계, 800g, 2개",3%,"39,160","37,790","내일(금)  
 도착 보장",100,21907
"하기스 2022 보송보송 밴드형 기저귀 공용 중형 3단계(7~10kg), 3단계, 168매",37%,"54,600","34,210","내일(금)  
 도착 보장",100,23159
"루이비앙 블랙 저자극 엠보싱 아기물티슈 캡형, 72매입, 10팩",30%,"26,500","18,500","내일(금)  
 도착 보장",100,4843
"바이오가이아 프로텍티스 이지드롭 프로바이오틱스 + 비타민 D 영양제, 10ml, 1개",25%,"75,000","55,700","내일(금)  
 도착 보장",100,4410
"뽀로로 어린이음료 밀크맛, 235ml, 48개",13%,"34,360","29,740","내일(금)  
 도착 보장",100,50380
"알유 21 비타민C, 6정, 12개",4%,"36,300","34,630","내일(금)  
 도착 보장",100,9198
"바이오가이아 프로텍티스 베이비드롭 액상 프로바이오틱스, 5ml, 1개",25%,"38,000","28,410","내일(금)  
 도착 보장",100,4909
"조르단 어린이치약 스텝1단계 랜덤 발송, 75g, 4개",26%,"15,600","11,450","내일(금)  
 도착 보장",100,9439
"종근당건강 6년근 어린이 홍삼 20mlx30포, 600ml, 1개",No discount,No original price,"72,890","모레(토)  
 도착 예정",100,6699
"앱솔루트 유기농 궁 분유 2단계 6~12개월, 800g, 3개",5%,"83,190","79,020","내일(금)  
 도착 보장",100,9019
"하기스 2022 보송보송 밴드형 기저귀 공용 대형 4단계(9~13kg), 4단계, 138매",35%,"54,600","35,250","내일(금)  
 도착 보장",100,23159
"레드보스 10%한정 클래식 루이보스티, 1g, 60개입, 1개",39%,"26,250","15,900","내일(금)  
 도착 보장",100,2052
"집으로ON 어린이순살생선 삼치구이 (냉동), 180g, 1개",3%,"13,400","12,900","내일(금) 새벽  
 도착 보장",90,5249
"폴메디슨 키즈 아토 모이스처 바디크림 510ml, 2개",10%,"17,900","16,110","내일(금)  
 도착 보장",90,4026
"앱솔루트 킨더밀쉬 200ml, 우유맛, 48개",9%,"49,000","44,550","내일(금)  
 도착 보장",100,18388
"앱솔루트 명작 2FL 분유 2단계, 800g, 4개",No discount,No original price,"75,570","내일(금)  
 도착 보장",100,21907
"파스퇴르 위드맘 제왕 분유 1단계, 750g, 3개",No discount,No original price,"89,400","내일(금)  
 도착 보장",100,6150
"하기스 2022 보송보송 밴드형 기저귀 공용 특대형 5단계(11~16kg), 5단계, 120매",34%,"54,600","35,630","내일(금)  
 도착 보장",100,23159
"하루틴 리포좀 비타민C 1100mg x 30정, 2개",3%,"30,500","29,300","내일(금)  
 도착 보장",90,10463
"코멧 길이조절 유아 옷걸이, 20개입",21%,"15,700","12,250","내일(금)  
 도착 보장",100,3093
"뷰카 주니어 마일드 고불소 구취케어 치약 딸기향 4p, 110g, 4개",38%,"20,900","12,900","내일(금)  
 도착 보장",100,720
"덴마크 유기가공식품 인증 짜지않은 아기치즈 1단계, 544g, 1개",No discount,No original price,"13,800","내일(금) 새벽  
 도착 보장",100,15315
"242 향균 이중 미세모 어린이 칫솔, 랜덤발송, 20개, 1개",27%,"19,800","14,310","내일(금)  
 도착 보장",100,8670
"하기스 매직컴포트 팬티형 기저귀 남여공용 점보형, 6단계, 60매",8%,"34,220","31,430","내일(금)  
 도착 보장",100,1051
"앱솔루트 명작 2FL 분유 2단계, 800g, 3개",2%,"57,970","56,680","내일(금)  
 도착 보장",100,21907
"킨도 프리미엄 오슬림 팬티형 기저귀, 5단계, 136매",29%,"79,000","55,660","내일(금)  
 도착 보장",100,5219
"페넬로페 미라클 올데이 팬티형 기저귀 공용, 5단계, 96매",44%,"65,800","36,760","내일(금)  
 도착 보장",100,7022
"락피도 프로바이오틱스 드롭스 베이비, 10ml, 1개",55%,"40,000","17,890","내일(금)  
 도착 보장",100,5375
"미엘 클래식 유아물티슈 캡형 50평량, 100매, 20개",6%,"23,160","21,750","내일(금)  
 도착 보장",100,14008
"하기스 2022 보송보송 팬티형 기저귀 공용, 4단계, 112매",36%,"54,800","34,730","내일(금)  
 도착 보장",100,44141
"일리윤 MD 레드이치 케어 크림 무향, 330ml, 1개",41%,"33,900","19,760","내일(금)  
 도착 보장",100,2028
"팸퍼스 통잠팬티 팬티형 밤기저귀 남녀공용, 4단계, 120매",12%,"58,900","51,770","내일(금)  
 도착 보장",100,272
"후디스 하이키드 유아 킨더밀쉬 200ml, 우유, 24개",No discount,No original price,"33,650","내일(금)  
 도착 보장",100,6055
"미스터버블 버블바스 오리지널 유아용 거품목욕제, 1060ml, 1개",No discount,No original price,"14,270","내일(금)  
 도착 보장",90,6428
"생활공식 슬림 모서리 보호대, 투명, 10개, 4cm",32%,"18,900","12,800","내일(금)  
 도착 보장",90,1816
"일루마 분유 1단계, 900g, 1개",No discount,No original price,"62,810","내일(금)  
 도착 보장",100,1320
"파스퇴르 위드맘 제왕 분유 2단계, 3개, 750g",No discount,No original price,"93,110","내일(금)  
 도착 보장",100,3914
"조르단 어린이 칫솔 스텝 3단계, 랜덤 발송, 1개입, 6개",42%,"23,400","13,500","내일(금)  
 도착 보장",100,9242
"암웨이 아세로라C 비타민, 300정, 1개",No discount,No original price,"64,800","모레(토)  
 도착 예정",100,2296
"고려은단 비타민C 골드플러스 + 쇼핑백, 180정, 1개",No discount,No original price,"32,000","내일(금)  
 도착 보장",100,19202
"앱솔루트 명작 2FL 분유 2단계, 800g, 6개",No discount,No original price,"113,350","내일(금)  
 도착 보장",100,21907
"베베쿡 유기농 쌀가루 초기 12g x 10p, 120g, 3개입",No discount,No original price,"13,900","내일(금)  
 도착 보장",100,3998
"하기스 2022 보송보송 팬티형 기저귀 공용, 7단계, 136매",39%,"109,600","66,770","내일(금)  
 도착 보장",100,44141
"녹십자 귀체온계 TS-7, 1개",2%,"35,000","34,000","내일(금)  
 도착 보장",90,3302
"조르단 유아 칫솔 스텝1단계, 랜덤발송, 1개입, 6개",40%,"23,400","13,940","내일(금)  
 도착 보장",100,26635
"페넬로페 본보야지 퐁피두 저자극 아기물티슈 캡형 75평량, 10팩, 70매",38%,"37,500","22,900","내일(금)  
 도착 보장",100,4155
"앱솔루트 센서티브 분유 1단계, 900g, 1개",15%,"35,140","29,860","내일(금)  
 도착 보장",90,18460
"앱솔루트 엄마가 만든 프리미엄 명작 분유 3단계, 800g, 3개",2%,"58,500","56,790","내일(금)  
 도착 보장",100,46735
"킨도 프리미엄 오슬림 팬티형 기저귀, 6단계, 120매",28%,"79,000","56,540","내일(금)  
 도착 보장",100,5219
"브라운 프리미엄 옐로우 저자극 엠보싱 아기물티슈 캡형 73gsm, 72매, 10팩",32%,"34,900","23,660","내일(금)  
 도착 보장",100,44531
"JOONIE 유아용 자기주도 완료기 이유식 스푼 포크 세트, 혼합색상, 1세트",34%,"28,900","18,900","내일(금)  
 도착 보장",100,491
"브리스틱 에르고 유아칫솔 세트, 혼합색상, 5개, 1세트",19%,"20,000","16,010","내일(금)  
 도착 보장",100,6037
"모모래빗 에코컴포트핏 팬티기저귀 4팩 팬티형 아동공용, 대형(L), 112매",70%,"223,000","66,900","1/23(화)  
 도착 예정",100,570
"브라운 프리미엄 옐로우 저자극 엠보싱 아기물티슈 캡형 73gsm, 72매, 20팩",40%,"71,300","42,370","내일(금)  
 도착 보장",100,44531
"편강율 키즈앤베이비 페이스로션 스위트 오렌지, 2개, 200ml",52%,"38,000","17,910","내일(금)  
 도착 보장",100,3840
밤부베베 순한대나무 시그니처 퓨어 거즈손수건 10p,No discount,No original price,"23,000","모레(토)  
 도착 예정",100,1686
"마이밀 마이키즈 밀크맛, 150ml, 24개",32%,"48,000","32,430","내일(금)  
 도착 보장",90,630
"델리프 도톰 엠보싱 저자극 넘버 세븐 카키 물티슈 휴대캡형 75평량, 72매, 10개",45%,"32,900","17,900","내일(금)  
 도착 보장",100,3188
"베이직엘르 김서림 방지형 아동 수경 물안경 BEP-RC06, 블랙",No discount,No original price,"15,000","내일(금)  
 도착 보장",100,1711
"더블하트 소프트터치 모유실감 젖꼭지, L(6개월 이상), 4개",28%,"44,900","31,900","모레(토)  
 도착 예정",100,2321
"일동후디스 산양하이키드 골드 650g 3캔, 3개",No discount,No original price,"75,700","1/24(수)  
 도착 예정",90,7916
"팸퍼스 통잠팬티 팬티형 밤기저귀, 4단계, 120매",10%,"62,500","56,200","1/24(수)  
 도착 예정",100,9472
"하기스 NEW 네이처메이드 팬티형 기저귀 남아용, 152매, 6단계",4%,"99,600","94,950","내일(금)  
 도착 보장",100,1966
"아올다 헬로아이 달콤사과 주스 100ml, 사과맛, 20개",1%,"21,900","21,480","내일(금)  
 도착 보장",100,7078
"폴메디슨 키즈 아토 바스앤샴푸 베이비파우더향, 1077ml, 2개",68%,"94,420","29,570","내일(금)  
 도착 보장",90,16995
"뽀로로 유아 칫솔세트 7p, 혼합 색상, 1세트, 7개",20%,"24,500","19,600","내일(금)  
 도착 보장",100,6420
"하기스 2022 보송보송 팬티형 기저귀 공용, 6단계, 80매",36%,"54,800","34,910","내일(금)  
 도착 보장",100,44141
"하기스 NEW 네이처메이드 팬티형 기저귀 남아용, 176매, 5단계",1%,"98,260","97,020","내일(금)  
 도착 보장",100,1966
"캐치티니핑 새콤달콤 달콤핑 피규어 하우스, 혼합색상",20%,"35,000","27,900","내일(금)  
 도착 보장",100,142
"맘마밀 안심밥상 레토르트이유식, 소불고기 가지진밥, 140g, 10개",4%,"18,380","17,500","내일(금)  
 도착 보장",100,7876
"코멧 저자극 시그니처 아기 물티슈 엠보싱 캡형 55평량, 100매, 20팩",32%,"36,900","24,990","내일(금)  
 도착 보장",100,265113
"말랑하니 뒤집는 신생아 수유등 무드등 타이머 취침등, 우드",No discount,No original price,"19,900","내일(금)  
 도착 보장",100,3579
"이지캔 매직 공용 리필 280, 20개",No discount,No original price,"34,900","내일(금)  
 도착 보장",100,10061
"일동후디스 프리미엄 산양분유 2단계, 800g, 3개",No discount,No original price,"116,830","내일(금)  
 도착 보장",100,21997
"고려은단 메가도스C 비타민C 3000mg, 180g, 2개",7%,"38,780","35,800","내일(금)  
 도착 보장",100,18429
"최민준의 아들코칭 백과:기질 파악부터 말공부 사회성 감정코칭까지, 위즈덤하우스",10%,"18,800","16,920","내일(금)  
 도착 보장",100,118
"아올다 헬로아이 배도라지 80ml, 배 + 도라지 혼합맛, 20개",No discount,No original price,"21,900","내일(금)  
 도착 보장",100,7078
"뷰카 주니어 마일드 고불소 구취케어 치약 포도향, 110g, 4개",38%,"20,900","12,890","내일(금)  
 도착 보장",100,2384
"조르단 어린이치약 스텝2단계 랜덤 발송, 4개, 75g",27%,"15,600","11,280","내일(금)  
 도착 보장",100,16455
"아올다 헬로아이 배도라지 80ml, 배 + 도라지 혼합맛, 20개",No discount,No original price,"21,900","내일(금)  
 도착 보장",100,7078
"뷰카 주니어 마일드 고불소 구취케어 치약 포도향, 110g, 4개",38%,"20,900","12,890","내일(금)  
 도착 보장",100,2384
"조르단 어린이치약 스텝2단계 랜덤 발송, 4개, 75g",27%,"15,600","11,280","내일(금)  
 도착 보장",100,16455
"하루틴 리포좀 비타민C 1100mg x 30정, 3개",4%,"45,050","43,200","내일(금)  
 도착 보장",90,10463
"휴비딕 토미 오리지널 귀 적외선 체온계 HET-1000, 1개",No discount,No original price,"35,000","내일(금)  
 도착 보장",90,18599
"곰곰 유기농 루이보스, 1.5g, 50개입, 1개",52%,"25,000","11,990","내일(금)  
 도착 보장",100,2531
"하기스 2022 보송보송 팬티형 기저귀 공용, 5단계, 92매",36%,"54,800","34,730","내일(금)  
 도착 보장",100,44141
"임신 출산 육아 대백과 2023~2024 최신개정판, 삼성출판사",10%,"19,500","17,550","내일(금)  
 도착 보장",100,155
"브라운 오리지널 플러스 유아물티슈 캡형 55평량, 80매, 20팩",44%,"65,800","36,720","내일(금)  
 도착 보장",100,42382
"페넬로페 프르미에 마누카 유아 물티슈 캡형 70평량, 70매, 10개",38%,"34,200","20,900","내일(금)  
 도착 보장",100,10241
"닥터노아 마루 유아 치약 불소 라즈베리 레몬향, 3개, 75g",15%,"15,780","13,410","내일(금)  
 도착 보장",100,3463
"매일유업 앱솔루트 아기설사 분유, 400g, 1개",7%,"17,200","15,900","내일(금) 새벽  
 도착 보장",100,640
"도담이 더 클래식 엠보 유아물티슈 캡형 55평량, 100매입, 10팩",No discount,No original price,"230,100","모레(토)  
 도착 예정",90,3715
"아기와 놀아 주는 꼬꼬맘, 혼합 색상",6%,"34,100","31,970","내일(금)  
 도착 보장",100,6225
"크리오 펌프팝 고불소 어린이 펌핑치약 샤인머스켓향, 300g, 2개",42%,"24,000","13,900","내일(금)  
 도착 보장",100,291
"하기스 2022 보송보송 팬티형 기저귀 공용, 6단계, 160매",37%,"109,600","68,240","내일(금)  
 도착 보장",100,44141
"브라운 러브 빌리프 골드 아이보리 70 아기물티슈 캡형 82평량, 70매, 10개",53%,"40,500","18,900","내일(금)  
 도착 보장",100,259
"팸퍼스 베이비 드라이 팬티형 기저귀, 6단계, 120매",6%,"74,500","69,500","1/24(수)  
 도착 예정",100,41
"베베쿡 쌀쿵 쌀과자, 자색고구마 + 단호박 혼합맛, 15g, 10개",14%,"16,100","13,700","내일(금)  
 도착 보장",90,16415
"팸퍼스 아르모니 터치 오브 네이처 엑스트라 팬티형 기저귀 아동용 5단계 (12~17kg), 92매",17%,"59,900","49,500","내일(금)  
 도착 보장",100,332
"하기스 NEW 네이처메이드 밴드형 기저귀 여아용, 3단계, 148매",No discount,No original price,"53,250","모레(토)  
 도착 예정",100,658
"Biorga 바이오가 바디워시 오일-프리 & 모이스처 바디워시 대용량 bodywash 수딩젤 약산성 바디클렌저 임산부 아이 식물유래성분, 1L, 1개",No discount,No original price,"24,600","모레(토)  
 도착 예정",100,475
"베베앙 클래스 프리미엄 엠보싱 저자극 아기 물티슈 캡형 73평량, 70매, 10개",43%,"29,900","16,960","내일(금)  
 도착 보장",100,9922
"가그린 어린이용 구강청결제 딸기향, 550ml, 3개",54%,"22,500","10,260","내일(금)  
 도착 보장",100,16607
"돌 하이 오렌지 주스, 120ml, 32개",33%,"22,420","14,900","내일(금)  
 도착 보장",100,30517
"팸퍼스 베이비 드라이 엑스트라 흡수 팬티형 기저귀, 6단계, 132매",12%,"77,700","67,900","내일(금)  
 도착 보장",100,59
"맘마밀 안심밥상 레토르트이유식, 소불고기 가지진밥, 10개, 140g",4%,"18,380","17,500","내일(금) 새벽  
 도착 보장",100,1479
"총영하이 배도라지차 플러스, 고소한맛, 30g, 1개",No discount,No original price,"18,400","내일(금)  
 도착 보장",100,852
"하기스 수딩케어 플러스 물티슈 캡형, 72매, 20팩",28%,"39,800","28,500","내일(금)  
 도착 보장",100,4450
"모모래빗 에코드라이 팬티기저귀, 대형(L), 112매",No discount,No original price,"36,900","내일(금)  
 도착 보장",100,3290
"만 2세 재밌다 IQ + EQ + CQ 스티커북 세트, 블루래빗",10%,"14,000","12,600","내일(금)  
 도착 보장",100,1906
"올바른 메가 비타민C 3000, 2개, 270g",8%,"23,900","21,960","내일(금)  
 도착 보장",100,1482
"웰팜넷 유기가공식품 인증 이유식용 다진채소 혼합 4종 세트 2호 (냉동), 1세트",No discount,No original price,"12,400","내일(금) 새벽  
 도착 보장",100,1692
페이퍼플레인키즈 아동 패딩 부츠 겨울 털 방한화 여아 남아 키즈 어린이 주니어,31%,"41,900","28,890","내일(금)  
 도착 보장",90,537
"브라운 오리지널 플러스 유아물티슈 캡형 55평량, 80매, 10팩",43%,"32,900","18,710","내일(금)  
 도착 보장",100,42382
"압타밀 프로누트라 어드밴스 HMO 분유 1단계, 800g, 1개",No discount,No original price,"32,900","내일(금)  
 도착 보장",100,8712
"앱솔루트 센서티브 분유 1단계, 900g, 1개",3%,"34,200","33,000","내일(금)  
 도착 보장",90,49
"힙 유기농 콤비오틱 분유 2단계, 800g, 1개",No discount,No original price,"42,480","내일(금)  
 도착 보장",100,4661
"모윰 올실리콘 마카롱 쪽쪽이, 2단계, 라즈베리, 1개",18%,"15,000","12,300","내일(금)  
 도착 보장",100,8420
"오가베베 버블 유아 이너클렌저 300ml, 2개",No discount,No original price,"29,800","내일(금)  
 도착 보장",100,1219
"무스텔라 베이비 오일, 100ml, 1개",26%,"23,000","16,890","내일(금)  
 도착 보장",100,1246
"압타밀 프로푸트라 듀오어드밴스 1단계, 800g, 1개",No discount,No original price,"42,900","내일(금)  
 도착 보장",100,1293
"컬러링 드로잉 유성 색연필, 120색, 1개",No discount,No original price,"17,300","내일(금)  
 도착 보장",90,3030
"하이비 모유실감 추달린 스트로우 2p, 2세트",33%,"15,000","10,000","내일(금)  
 도착 보장",90,2444
"궁중비책 페이스 로션, 80ml, 2개",No discount,No original price,"15,400","내일(금)  
 도착 보장",100,11472
"루솔 진한 배도라지즙, 진한배도라지즙, 100ml, 60개",8%,"63,000","57,520","내일(금)  
 도착 보장",100,12475
"원더파파 엠보싱 모서리보호대 3p + 코너보호대 6p 세트, 화이트, 1세트, 2m",27%,"17,900","12,900","내일(금)  
 도착 보장",90,448
"브라운 IRT6030 귀적외선체온계 써모스캔5 국내AS가능, 1세트",No discount,No original price,"72,500","내일(금)  
 도착 예정",100,2328
"하기스 2022 보송보송 팬티형 기저귀 공용, 5단계, 184매",36%,"109,600","69,460","내일(금)  
 도착 보장",100,44141
"매일유업 요미요미 안심아이차 125ml, 보리맛, 24개",10%,"16,700","14,900","내일(금)  
 도착 보장",100,6904
"에디슨 프리미엄 실리콘 트레이닝 유아컵 200ml, 옐로우, 1개",47%,"23,200","12,210","내일(금)  
 도착 보장",100,1520
"신한화구 전문가 수채화물감 세트, 12ml, 20색",1%,"28,450","28,160","내일(금)  
 도착 보장",100,2704
"아모스 딱풀 20p, 1개, 440g",No discount,No original price,"28,310","1/23(화)  
 도착 예정",100,608
"힙 콤비오틱 유기농 분유 1단계, 800g, 1개",No discount,No original price,"42,800","내일(금)  
 도착 보장",100,7398
"종근당건강 키즈 멀티비타민 미네랄, 60정, 90g, 1개",No discount,No original price,"13,590","내일(금)  
 도착 보장",100,22227
"무스텔라 이드라베베 바디 로션, 300ml, 1개",34%,"20,500","13,390","내일(금)  
 도착 보장",100,7130
"코멧 시그니처 블랙 아기물티슈, 100매, 10팩",45%,"25,900","13,990","내일(금)  
 도착 보장",100,2849
"아토팜 탑투토 올인원워시, 1개, 460ml",51%,"35,000","16,940","내일(금)  
 도착 보장",100,18698
"앙블랑 프리미엄 블랙 아기물티슈 캡형, 70매, 10개",No discount,No original price,"39,500","모레(토)  
 도착 예정",100,18110
"그린핑거 촉촉한 자연보습 로션 대용량 500ml, 1개",13%,"38,000","32,900","1/24(수)  
 도착 예정",100,28417
"베베쿡 처음먹는 유기농 보리차, 120ml, 20개",No discount,No original price,"17,900","내일(금)  
 도착 보장",100,15433
"일동후디스 트루맘 뉴클래스 분유 3단계, 800g, 3개",2%,"88,090","86,070","내일(금)  
 도착 보장",100,2696
프라하우스 임부 순면팬티 3개 세트 PT202,No discount,No original price,"16,000","내일(금)  
 도착 보장",90,3448
"종이나라 모아 특수지 색종이100p, 1개, 29색",No discount,No original price,"28,500","1/23(화)  
 도착 예정",100,329
"팔도 뽀로로 과일맛 젤리 쁘띠 40p, 720g, 1개",25%,"18,600","13,860","내일(금)  
 도착 보장",100,492
"부담제로 대용량 임산부크림 매터니티 500ml, 1개",36%,"37,500","23,900","내일(금)  
 도착 보장",100,731
"2080 시크릿쥬쥬 키즈 칫솔 2종 세트, 핑크, 화이트, 2개, 6세트",32%,"16,200","10,970","내일(금)  
 도착 보장",100,2037
"처음 먹는 어린이 김자반, 25g, 3개, 오리지널",13%,"11,400","9,900","내일(금)  
 도착 보장",100,3023
"무스텔라 젠틀 유아 샴푸, 500ml, 1개",30%,"23,000","16,100","내일(금)  
 도착 보장",100,4542
"비앤비 용기형 주방세제, 1000ml, 1개",5%,"7,520","7,140","내일(금)  
 도착 보장",90,9376
"상하치즈 유기농 첫치즈 20매 1STEP, 360g, 1개",No discount,No original price,"11,750","내일(금) 새벽  
 도착 보장",100,10785
"탐사 종이케이스 혼합 색종이, 500매, 60색",11%,"10,900","9,690","내일(금)  
 도착 보장",100,1644
"쿠잉 베러업 팬티형 기저귀, 80매, 점보형(2XL)",14%,"30,300","25,900","내일(금)  
 도착 보장",100,1375
"폴메디슨 키즈 아토 표백제 1kg + 계량스푼, 1세트",16%,"14,900","12,410","내일(금)  
 도착 보장",90,16440
"상하치즈 유기농 어린이치즈 20매 3STEP, 360g, 1개",No discount,No original price,"11,750","내일(금) 새벽  
 도착 보장",100,8522
"집으로ON 어린이순살생선 고등어구이 (냉동), 180g, 1개",31%,"15,900","10,900","내일(금) 새벽  
 도착 보장",90,5056
"매일유업 앱솔루트 아기설사 분유, 1개, 400g",7%,"17,200","15,900","내일(금)  
 도착 보장",90,2083
"쿠잉 베러업 팬티 기저귀, 88매, 특대형(XL)",13%,"29,940","25,890","내일(금)  
 도착 보장",100,1375
"모윰 올 실리콘 마카롱 쪽쪽이 + 전용케이스, 1단계, 레몬옐로우, 1세트",18%,"15,000","12,300","내일(금)  
 도착 보장",100,8420
"앙방 베이비 앤 키즈 단백질 약산성 샴푸 애플향, 1개, 500ml",No discount,No original price,"16,900","내일(금)  
 도착 보장",100,906
"하기스 NEW 맥스드라이 팬티형 남아용, 4단계, 104매",8%,"49,900","45,500","내일(금)  
 도착 보장",100,2370
"모모래빗 에코드라이 팬티기저귀, 특대형(XL), 88매",No discount,No original price,"36,900","내일(금)  
 도착 보장",100,3290
"서울우유치즈 앙팡 유기농 아기치즈 STEP1 20매입, 360g, 2개",No discount,No original price,"14,200","내일(금) 새벽  
 도착 보장",100,14051
"하기스 NEW 크린베베 일자형 기저귀 유아용, 3단계, 210매",4%,"28,060","26,840","내일(금)  
 도착 보장",90,4559
"하이비 젖병 젖꼭지 세척솔 몽글이 롱 미니솔 5p + 먼지보호캡 3p, 따뜻한햇살, 1세트",7%,"15,100","13,900","내일(금)  
 도착 보장",100,6496
"단비나인 물감놀이 스포이드 6p + 홀더 6구 + 화장솜 50p + 코인티슈 40p, 5ml, 1세트",No discount,No original price,"25,570","1/23(화)  
 도착 예정",100,628
"아이깨끗해 핸드솝, 파우더향, 4.5L, 1개",56%,"59,900","26,050","내일(금) 새벽  
 도착 보장",100,1735
"서울대밥스누 우아한 오가닉 어린이 맛 김 2g, 조미, 40개",3%,"15,800","15,220","내일(금)  
 도착 보장",100,4826
"가그린 어린이용 사과향, 380ml, 3개",45%,"16,500","9,000","내일(금)  
 도착 보장",100,25682
NEW 하기스 크린베베 일자형 기저귀 남여공용 대형 4단계 64매,No discount,No original price,"11,660","내일(금)  
 도착 보장",90,4559
"서울대밥스누 우아한 오가닉 어린이 김, 무조미, 15g, 4개",3%,"15,800","15,220","내일(금) 새벽  
 도착 보장",100,469
"닥터라인 헤모키즈 맛있는 딸기맛 유아철분제, 120ml, 1개",No discount,No original price,"24,590","내일(금)  
 도착 보장",100,6732
"모윰 올실리콘 마카롱 쪽쪽이, 1단계, 블루베리, 1개",18%,"15,000","12,300","내일(금)  
 도착 보장",100,8420
"경남제약 레모나 산 손흥민 에디션, 140g, 1개",34%,"19,800","13,050","내일(금)  
 도착 보장",100,11195
"그린핑거 마이키즈 트래블 키트, 1세트",No discount,No original price,"12,500","내일(금)  
 도착 보장",90,1028
"페넬로페 프르미에 포레 유아물티슈 캡형 55평량, 70매, 10팩",35%,"29,500","18,900","내일(금)  
 도착 보장",100,18391
"하기스 퓨어 쁘띠 아기물티슈 휴대용, 20매, 16개",No discount,No original price,"26,160","모레(토)  
 도착 예정",100,2329
"하이비 더블하트 그로미미 유피스 호환 2단계 간편 교체용 빨대세트 2p, 1세트",16%,"13,750","11,480","내일(금)  
 도착 보장",90,6761
"팸퍼스 에어차차 썸머팬티, 5단계, 156매",26%,"82,500","60,500","내일(금)  
 도착 보장",100,30781
"마더케이 신생아 유아 점착면봉 50P X 4개 총 200P, 50개입, 1개",No discount,No original price,"26,000","모레(토)  
 도착 예정",90,8724
"일동후디스 프리미엄 산양분유 1단계, 800g, 3개",No discount,No original price,"116,160","내일(금)  
 도착 보장",100,27938
키즈꼬모 아동용 기모 브라운베어 상하의 세트,44%,"25,900","14,310","1/24(수)  
 도착 예정",100,50
"제니튼 닥터제니 1450 고불소 주니어치약 샤인머스켓향, 60g, 2개",21%,"19,800","15,600","내일(금)  
 도착 보장",100,3610
"코멧 아기물티슈 오리지널 캡형 50평량, 100매, 20팩",38%,"34,900","21,490","내일(금)  
 도착 보장",100,337867
"루치펠로 멜레멜레 어린이 저불소 치약, 60g, 3개",17%,"20,700","16,980","내일(금)  
 도착 보장",100,5380
"야미얼스 막대사탕 패밀리팩, 혼합맛(구글리퍼플/사우어레드퍼커/와일드바이올렛/섬머스매쉬/선라이즈탱고), 349g, 1개",3%,"16,750","16,200","내일(금)  
 도착 보장",100,13503
"편강율 키즈 앤 베이비 로션 스위트허브, 590ml, 2개",43%,"44,000","24,900","내일(금)  
 도착 보장",100,2224
"홈스쿨 워크북 만3세 10권세트, 나우에듀, 한글쓰기",62%,"40,000","14,900","내일(금)  
 도착 보장",90,15008
"고려은단 비타민C 1000 + 쇼핑백, 180정, 2개",6%,"36,000","33,790","내일(금)  
 도착 보장",100,193297
"따블리에 인크레버블 유아 버블클렌저, 1000ml, 1세트",No discount,No original price,"23,500","모레(토)  
 도착 예정",100,883
"베베숲 시그니처 그린 유아물티슈, 70매, 20팩",19%,"42,000","33,750","모레(토)  
 도착 예정",100,8142
"팸퍼스 에어차차 썸머팬티 여름기저귀, 6단계, 126매",26%,"82,500","60,500","내일(금)  
 도착 보장",100,30781
"비앤비 젖병세정제 액상형, 600ml, 2개",9%,"8,400","7,610","내일(금)  
 도착 보장",90,16339
"딥스 키즈 해양심층수 300ml, 20개",15%,"11,000","9,350","내일(금)  
 도착 보장",100,7729
"베베앙 오리지널 플러스 아기물티슈 캡형 55평량, 100매, 20개",44%,"49,800","27,830","내일(금)  
 도착 보장",100,293951
"그로미미 유아용 PPSU 빨대컵 200ml, 돗꼼 버터, 1개",39%,"28,000","16,900","내일(금)  
 도착 보장",100,439
"퍼기 이유식 멀티 찜기 520ml 1개 드라이로즈, 드라이 로즈",35%,"23,900","15,320","내일(금)  
 도착 보장",100,3569
"벨레다 어린이 치약 유아 치약>>불소Free, 50ml, 3개",5%,"28,500","27,000","모레(토)  
 도착 예정",100,37786
"무스텔라 비타민 배리어 크림, 100ml, 1개",27%,"16,000","11,540","내일(금)  
 도착 보장",100,1946
"아비노베이비 더멕사 아토 나이트타임 밤, 312g, 1개",51%,"46,000","22,400","모레(토)  
 도착 예정",100,3279
"벨레다 어린이 치약 유아 치약>>불소Free, 50ml, 3개",5%,"28,500","27,000","모레(토)  
 도착 예정",100,37786
"무스텔라 비타민 배리어 크림, 100ml, 1개",27%,"16,000","11,540","내일(금)  
 도착 보장",100,1946
"아비노베이비 더멕사 아토 나이트타임 밤, 312g, 1개",51%,"46,000","22,400","모레(토)  
 도착 예정",100,3279
"퍼니메이드 국내제작 데이 미니 보냉가방, 1개, 블랙",28%,"19,000","13,500","내일(금)  
 도착 보장",90,7671
"아토팜 매터니티 케어 스트레치 마크 크림, 150ml, 1개",No discount,No original price,"23,000","1/23(화)  
 도착 예정",100,3321
"마더케이 신생아 핀셋 네일케어 4종 세트, 민트, 화이트, 1세트",9%,"14,890","13,500","내일(금)  
 도착 보장",100,10038
"베베당 유기농 롱스틱 6종 세트, 1세트, 사과+당근, 감귤+현미, 단호박+흑임자, 30g",30%,"23,400","16,260","내일(금) 새벽  
 도착 보장",100,330
"굿나이트 팬티형 키즈 기저귀 남아용, 대형(L), 68매",35%,"71,900","46,550","내일(금)  
 도착 보장",100,6191
"컨트리세이브 친환경 360도 유아칫솔 베이비단계 칫솔+프로텍터 2세트, 칫솔: 화이트, 옐로우 
프로텍터: 바이올렛, 화이트, 1세트",10%,"14,900","13,270","내일(금)  
 도착 보장",100,917
"티니핑 뜯어만들기, 도티도그",10%,"14,000","12,600","내일(금)  
 도착 보장",90,32
"리마크몰) 10617 러버덕 도시락 가방/보온가방/보냉가방/도시락가방, 베이지",No discount,No original price,"28,000","모레(토)  
 도착 예정",100,993
"그린핑거 유아용 힘센보습 에센셜 로션, 300ml, 1개",No discount,No original price,"26,600","1/23(화)  
 도착 예정",100,16504
"남양유업 임페리얼XO 분유 1단계, 800g, 3개",No discount,No original price,"81,900","1/23(화)  
 도착 예정",100,12109
"천사점토 벌크 아동용 점토, 350g",43%,"30,000","17,000","내일(금)  
 도착 예정",100,4948
"하기스 NEW 맥스드라이 팬티형 기저귀 남여공용, 6단계, 58매",5%,"39,100","36,810","내일(금)  
 도착 보장",100,321
"릴팡 유아용 뽀로로 큐티 세트, 혼합색상, 스푼 + 포크 + 케이스, 1세트",No discount,No original price,"14,630","내일(금)  
 도착 보장",100,60
"엘빈즈 매일 매일 건강한 습관 어린이 주스 80ml, 혼합맛(배/도라지), 40개",6%,"32,460","30,510","내일(금)  
 도착 보장",100,8335
"더블하트 소프트터치 모유실감 젖꼭지 3세대, S(2입), 1개",29%,"23,900","16,900","모레(토)  
 도착 예정",100,2712
"베베앙 센시티브 유아물티슈 캡형 60평량, 80매, 10팩",44%,"26,900","14,980","내일(금)  
 도착 보장",100,6371
"그로미미 유아용 PPSU 체리쉬 빨대컵 200ml, 스윗피치, 1개",39%,"28,000","16,900","내일(금)  
 도착 보장",100,439
"매일유업 상하목장 유기농 주스 멸균 125ml 24팩 3종 혼합(딸기8+오렌지8+블루베리8), 1세트, 딸기+오렌지+블루베리, 375ml",1%,"20,300","19,900","내일(금)  
 도착 보장",100,159
"2080 키즈플러스 브레드이발소 3스텝 스위트 치약, 80g, 6개",No discount,No original price,"21,510",,100,1461
"일동후디스 아이얌 동결건조 과일칩 순딸기, 12g, 10개",No discount,No original price,"26,480","내일(금)  
 도착 예정",100,3146
"네모아저씨의 페이퍼 블레이드 히든카드, 슬로래빗, 네모아저씨 이원표",10%,"11,500","10,350","내일(금)  
 도착 보장",100,15
"베베앙 오리지널 플러스 아기물티슈 캡형 55평량, 100매, 10개",43%,"24,900","13,980","내일(금)  
 도착 보장",100,293951
"비앤비 신생아 면봉, 210개입, 3개",5%,"10,390","9,870","내일(금)  
 도착 보장",100,13281
"더블하트 소프트터치 모유실감 젖꼭지 3세대, 3세대 젖꼭지SS, 2개",33%,"23,900","15,850","모레(토)  
 도착 예정",100,2712
"타키 포오 코믹 어드벤처, 4권, 대원키즈, 캐릭온TV 원저/안도감 글/김규태 그림",10%,"14,500","13,050","내일(금)  
 도착 보장",100,1012
"코멧 아기 물티슈 라이트 캡형 40평량, 100매, 20팩",47%,"30,900","16,290","내일(금)  
 도착 보장",90,96895
"하기스 NEW 맥스드라이 남아용 팬티형 기저귀, 5단계, 88매",4%,"49,050","47,000","내일(금)  
 도착 보장",100,2370
"존슨즈베이비 베드타임 로션, 750ml, 2개",42%,"50,000","28,900","모레(토)  
 도착 예정",100,26010
"필립스 아벤트 울트라 소프트 노리개 SCF222/01 2p, 0~6개월, 블루, 1세트",22%,"15,000","11,700","내일(금)  
 도착 보장",100,10441
"루치펠로 울라울라 어린이 저불소 치약, 60g, 3개",17%,"20,700","16,980","내일(금)  
 도착 보장",100,6107
"모윰 올 실리콘 마카롱 쪽쪽이 + 전용케이스, 2단계, 애플그린, 1세트",18%,"15,000","12,300","내일(금)  
 도착 보장",100,8420
"니즈 브라운 저자극 도톰 엠보싱 프리미엄 아기물티슈 캡형 80평량, 70매, 10팩",55%,"34,900","15,550","내일(금)  
 도착 보장",100,3028
"브러쉬버디즈 초등학생 칫솔 5종 세트, 핑크, 오렌지, 옐로우, 그린, 블루, 2세트",3%,"13,600","13,120","내일(금)  
 도착 보장",90,2189
"프렌치카페 카페믹스 스테비아 디카페인, 10.3g, 1개, 100개입",25%,"30,800","22,900","내일(금)  
 도착 보장",100,123
"야마하 소프라노 리코더 YRS23G 저먼식 + 악기천, 혼합색상",20%,"12,500","10,000","내일(금)  
 도착 보장",100,1441
"차일드라이프 비타민 D3, 1개, 1병",16%,"12,900","10,710","내일(금)  
 도착 보장",100,2508
"mytoys 마이 디폼블록 통 큰 세트 10050p, 혼합색상",No discount,No original price,"28,800","내일(금)  
 도착 보장",100,1531
"코코맘 일반형 모서리보호대 3p, 다크화이트, 3개, 2m",No discount,No original price,"9,880","내일(금)  
 도착 보장",90,2777
"베일리바오 아기 머리 보호대, 아이보리, 1개",No discount,No original price,"24,740","내일(금)  
 도착 보장",90,7962
"아홉 살에 시작하는 똑똑한 초등신문, 책장속북스",10%,"17,500","15,750","내일(금)  
 도착 보장",100,431
"비브 어반네이처 올리브 그린 아기물티슈 캡형 75평량, 10팩, 70매",43%,"31,500","17,950","내일(금)  
 도착 보장",100,2306
"더블하트 소프트터치 모유실감 젖꼭지, 젖꼭지M(2입), 1개",29%,"23,900","16,900","모레(토)  
 도착 예정",100,2321
"하기스 NEW 맥스드라이 팬티형 기저귀 남여공용, 5단계, 68매",7%,"39,060","36,230","내일(금)  
 도착 보장",100,321
"도리도리 퓨어 물티슈 리필형 40gsm, 100매, 20개",41%,"24,900","14,500","내일(금)  
 도착 보장",90,6655
"세노비스 키즈 멀티비타민 미네랄, 120정, 1개",41%,"57,220","33,370","1/23(화)  
 도착 예정",90,1034
"썬업 과일야채샐러드 그린 음료, 200ml, 24개",No discount,No original price,"20,300","1/24(수)  
 도착 예정",100,18188
"흔한남매 과학 탐험대 과학의 기초, 주니어김영사, 김언정, 이현진, 단품",10%,"14,800","13,320","내일(금)  
 도착 보장",100,8
"[남양] 아이엠마더 : 캔 분유 - 1/2/3단계별 (800g) x (1캔 3캔 4캔 6캔) - (옵션 선택) / (2023년 신형), 800g, 3개",27%,"120,000","87,000","모레(토)  
 도착 예정",100,21407
"왕타 아쿠아월드 어린이칫솔 2호 4칼라 12p, 혼합색상, 12개입, 1개",No discount,No original price,"12,900","내일(금)  
 도착 보장",100,5239
"존슨즈베이비 베드타임 베이비 로션, 500ml, 2개",37%,"35,800","22,500","모레(토)  
 도착 예정",100,26010
"뉴트리가든 프리미엄 프로바이오틱스 키즈 츄어블 유산균, 60정, 1개",No discount,No original price,"15,530","내일(금)  
 도착 보장",100,3524
"와우컵 베이비 트라이탄 빨대컵 207ml, 1개, 핑크",15%,"19,000","16,020","내일(금)  
 도착 보장",90,1277
"스마일랩 배테기 데이비드 배란테스트기, 30개입, 1개",No discount,No original price,"18,500","내일(금) 새벽  
 도착 보장",100,703
"와우컵 베이비 트라이탄 빨대컵 207ml, 1개, 블루",15%,"19,000","16,020","내일(금)  
 도착 보장",90,1277
"닥터바이오 에코 페이스 앤 바디로션, 500ml, 1개",24%,"20,400","15,500","내일(금)  
 도착 보장",100,4160
"궁중비책 유아용 프리뮨 샴푸 앤 바스, 350ml, 1개",2%,"13,210","12,870","내일(금)  
 도착 보장",100,4016
"아띠래빗 유아 논슬립 길이조절 옷걸이, 20개, 샌드베이지",20%,"16,200","12,800","내일(금)  
 도착 보장",100,232
"아토팜 MLE 로션, 120ml, 1개",40%,"24,000","14,400","내일(금)  
 도착 보장",100,13685
"더블하트 소프트터치 모유실감 젖꼭지 3세대, LL(9개월 이상), 2개",34%,"23,900","15,760","모레(토)  
 도착 예정",100,2712
"브라운 네이처 마일드 엠보싱 저자극 아기물티슈 캡형 70평량, 70매, 10팩",53%,"35,900","16,800","내일(금)  
 도착 보장",100,2534
"팸퍼스 통잠팬티 팬티형 밤기저귀, 6단계, 88매",No discount,No original price,"56,500","모레(토)  
 도착 예정",100,9472
"삐뽀삐뽀 119 이유식(2023 최신개정판):소아청소년과 전문의 하정훈이 전하는 건강한 아가 밥상, 유니책방, 하정훈, 정유미",10%,"18,900","17,010","내일(금)  
 도착 보장",100,1630
"아이엠마더 2단계(6개월~첫돌) 800gX1캔 (2023년 신형), 1개, 800g",No discount,No original price,"43,010","1/23(화)  
 도착 예정",100,10851
"하기스 NEW 맥스드라이 여아용 팬티형 기저귀, 5단계, 88매",5%,"49,700","47,000","내일(금)  
 도착 보장",100,2461
"아이엠마더 분유 1단계, 3개, 800g",25%,"113,000","83,700","모레(토)  
 도착 예정",100,24922
"네이쳐러브메레 오리지널 유아 섬유유연제 허브가든향 리필, 4개, 1300ml",13%,"18,700","16,250","내일(금)  
 도착 보장",100,14804
"앙블랑 세이프 인디핑크 아기 물티슈 캡형 63평량, 72매, 10개",No discount,No original price,"20,000","모레(토)  
 도착 예정",100,3440
"모니주 샤프식 색연필 블루, 12색, 3개",66%,"53,940","17,980","1/23(화)  
 도착 예정",100,188
"필립스아벤트 울트라에어 NEW 야광노리개 젖꼭지 SCF376/21, 6~18개월, 블루, 1개",30%,"17,000","11,830","내일(금)  
 도착 보장",100,11013
"지구화학 노마르지 사인펜 12색, 혼합색상, 3개",No discount,No original price,"14,930","모레(토)  
 도착 예정",100,1408
"락앤락 바로한끼 이유식 원형용기, 라이트핑크, 3개",32%,"19,500","13,160","내일(금)  
 도착 보장",100,8556
"한글 12주 3권 세트, 삼성출판사",No discount,No original price,"14,400","내일(금)  
 도착 보장",90,4125
"베베숲 시그니처 위드 블루 아기물티슈 캡형 75gsm, 70매, 20개",33%,"44,800","29,990","내일(금)  
 도착 예정",100,3051
"핑크퐁 가방 스티커 BEST 4종 세트 : 아기상어 스티커+동물 스티커+자동차 스티커+공룡 스티커, 스마트스터디, 핑크퐁 가방스티커",41%,"27,200","16,000","내일(금)  
 도착 보장",100,3987
"존슨즈 베드타임 베이비 오일, 500ml, 2개",35%,"32,800","21,030","모레(토)  
 도착 예정",90,8644
"뽀로로 비타민 C 복숭아맛, 600g, 1개",1%,"17,500","17,320","내일(금)  
 도착 보장",100,9222
"투코비 프리미엄 알루미늄 미술용 팔레트, 1세트, 30칸",43%,"22,000","12,400","내일(금)  
 도착 보장",100,2529
"하기스 NEW 맥스드라이 팬티형 기저귀 남아용, 6단계, 76매",4%,"49,900","47,440","내일(금)  
 도착 보장",100,2370
"남양유업 아이엠마더 2단계 800g x 3캔, 3개",No discount,No original price,"86,700","1/24(수)  
 도착 예정",100,10851
"비앤비 유아 구강청결 멸균티슈, 60g, 3개",43%,"27,600","15,720","모레(토)  
 도착 예정",100,18112
"루솔 이유식 3단계 한우세트 (냉장), 315번 한우불고기, 314번 한우 청경채, 341번 모듬야채, 1세트",No discount,No original price,"11,500","내일(금) 새벽  
 도착 보장",100,244
"요거베리 요거트 스타터 플레인 요거트 파우더, 2g, 10개입, 2개",20%,"19,800","15,750","내일(금)  
 도착 보장",100,8628
"베베숲 시그니처 블루 에코 유아물티슈 캡형 75평량, 70매, 10팩",20%,"34,000","26,900","모레(토)  
 도착 예정",100,2088
"일동후디스 프리미엄 산양분유 2단계, 800g, 2개",No discount,No original price,"77,890","내일(금)  
 도착 보장",100,21997
"모윰 올 실리콘 마카롱 쪽쪽이+ 전용케이스, 1단계, 피치핑크, 1세트",18%,"15,000","12,300","내일(금)  
 도착 보장",100,8420
"고려은단 비타민C1000 이지 + 비타민D 업그레이드, 180정, 3개",23%,"60,000","45,890","모레(토)  
 도착 예정",100,31009
"스마일랩 배테기 데이비드 배란테스트기, 15개입, 2개",No discount,No original price,"18,500","내일(금)  
 도착 보장",100,12736
"네츄럴오가닉 퓨어 플레인 스마트캡형 100매[20팩], 100개입, 20개",No discount,No original price,"18,900","모레(토)  
 도착 예정",100,4740
"베베숲 저자극 제로 물티슈 캡형 55평량, 80개입, 20개",7%,"42,000","38,800","모레(토)  
 도착 예정",100,132695
"하기스 NEW 맥스드라이 팬티형 기저귀 여아용, 6단계, 76매",4%,"49,590","47,440","내일(금)  
 도착 보장",100,2461
"도리도리 퓨어 아기물티슈 캡형 40평량, 100매, 20개",42%,"26,900","15,500","내일(금)  
 도착 보장",90,19148
"그린핑거 촉촉한 자연보습 베이비로션, 500ml, 2개",2%,"27,640","26,870","내일(금)  
 도착 보장",100,28417
"고려은단 비타민 C 골드 플러스, 240정, 1개",15%,"45,000","37,900","모레(토)  
 도착 예정",100,19202
"상하치즈 유기농 아기치즈 20매 2STEP, 360g, 1개",9%,"11,750","10,580","내일(금) 새벽  
 도착 보장",100,18621
"네이쳐러브메레 수영장 팬티형 기저귀 남여공용 특대형(12~16kg), 특대형(XL), 9매",No discount,No original price,"26,260","모레(토)  
 도착 예정",100,15375
"서울대밥스누 우아한 오가닉 어린이 김, 무조미, 15g, 4개",3%,"15,800","15,220","내일(금)  
 도착 보장",100,4826
"코멧 순수한 스페셜 아기물티슈 엠보싱 캡형 65평량, 80매, 10팩",45%,"27,100","14,840","내일(금)  
 도착 보장",100,27164
"베베앙 더블 아기 물티슈 휴대캡형 65평량, 25매입, 20개",19%,"17,400","13,950","내일(금)  
 도착 보장",100,3550
"앱솔루트 명작 2FL 분유 3단계, 800g, 1개",No discount,No original price,"19,800","내일(금)  
 도착 보장",100,46735
"가그린 어린이용 구강청결제 딸기향, 380ml, 3개",23%,"24,230","18,640","모레(토)  
 도착 예정",100,16607
"순둥이 베이직 무향 유아물티슈 캡형 55평량, 100매입, 10개",12%,"24,000","20,900","1/23(화)  
 도착 예정",100,14930
"남양유업 임페리얼드림 XO 분유 3단계, 800g, 2개",40%,"60,000","35,500","모레(토)  
 도착 예정",100,3320
"하기스 NEW 네이처메이드 팬티형 기저귀 남아용, 76매, 6단계",1%,"50,580","49,640","내일(금)  
 도착 보장",100,1966
"베베숲 시그니처 블루 유아물티슈 캡형 75평량, 70매, 20팩",4%,"49,000","46,800","모레(토)  
 도착 예정",100,83272
"루솔 진한 배도라지즙, 진한배도라지즙, 100ml, 40개",No discount,No original price,"37,800","모레(토)  
 도착 예정",100,12475
"하루 10분 초등 영단어 따라쓰기:3~6학년 영단어 한 권으로 끝내기, 미래주니어",10%,"13,000","11,700","1/24(수)  
 도착 예정",100,223
메디토이 젖꼭지 소재 손목치발기 + 케이스,No discount,No original price,"12,900","모레(토)  
 도착 예정",100,4364
"팔도 뽀로로 샤인머스캣맛 235ml x 24PET, 24개",No discount,No original price,"19,380","1/23(화)  
 도착 예정",100,50380
"라이브잇 그린핑거 힘센보습 에센셜 샴푸, 1개, 500ml",79%,"90,900","19,020","1/23(화)  
 도착 예정",100,7745
"아모스 아이클레이 15종 세트, 혼합색상, 50g",4%,"23,500","22,500","내일(금)  
 도착 보장",100,6621
"하기스 내츄럴케어 플러스 물티슈 캡형, 64개입, 6개",No discount,No original price,"20,490","1/23(화)  
 도착 예정",100,1586
"팸퍼스 베이비 드라이 아동공용 기저귀 팬티형, 3단계, 184매",1%,"55,720","55,090","내일(금)  
 도착 보장",100,19696
"슈퍼대디 소프트 저자극 아기물티슈 캡형 50평량, 100매, 10개",35%,"22,900","14,870","내일(금)  
 도착 보장",100,46288
"팔도 뽀로로 워터젤리 포도, 120ml, 10개",41%,"29,100","17,120","모레(토)  
 도착 예정",100,6838
"팔도 뽀로로 샘물 250ml, 지하수, 20개",41%,"28,850","16,970","모레(토)  
 도착 예정",100,6272
"필립스아벤트 울트라에어 NEW 야광노리개 젖꼭지 SCF376/22, 6~18개월, 핑크, 1개",30%,"17,000","11,830","내일(금)  
 도착 보장",100,11013
"하우스윗 촉코촉코 면봉 100%순면 멸균 개별포장 유아 어린이 보습면봉 점막보호, 14개입, 1개",17%,"30,000","24,900","내일(금)  
 도착 보장",90,309
"필립스아벤트 울트라에어 NEW 야광노리개 젖꼭지 SCF376/22, 6~18개월, 핑크, 1개",30%,"17,000","11,830","내일(금)  
 도착 보장",100,11013
"하우스윗 촉코촉코 면봉 100%순면 멸균 개별포장 유아 어린이 보습면봉 점막보호, 14개입, 1개",17%,"30,000","24,900","내일(금)  
 도착 보장",90,309
"애들랜드 슈퍼슈팅 배틀팽이 게임, 혼합색상",No discount,No original price,"27,900","1/23(화)  
 도착 예정",90,1114
"베베당 유기농 롱스틱 6종 세트, 1세트, 사과+당근, 감귤+현미, 단호박+흑임자",30%,"23,400","16,260","내일(금)  
 도착 보장",100,3566
"저불소 어린이치약 2개, 60g",20%,"28,500","22,800","1/23(화)  
 도착 예정",90,26386
"르번 알쏭달쏭 캐치티니핑 올인원 교정 젓가락 풀세트, 혼합색상, 스푼 + 교정젓가락 + 포크 + 케이스, 1세트",60%,"26,000","10,400","내일(금)  
 도착 보장",100,1551
"존슨즈베이비 로션 핑크, 500ml, 2개",23%,"31,800","24,200","1/24(수)  
 도착 예정",90,19153
"나비잠 매직소프트 팬티형 기저귀 아동공용, 특대형(XL), 104매",13%,"40,500","34,910","내일(금)  
 도착 보장",100,6956
"길벗스쿨 기적의 계산법 세트, 수학, 초등1학년",10%,"17,000","15,300","내일(금)  
 도착 보장",100,4255
"란시노 HPA 라놀린 니플 유두보호 크림 40ml, 1개",46%,"37,500","20,240","내일(금)  
 도착 보장",100,917
"종이나라 케이스 양면색종이 500매 + 플라스틱 케이스, 50색, 1세트",41%,"36,010","21,180","모레(토)  
 도착 예정",100,5653
"크리넥스 라이트핏 마스크 소형 KF-AD, 10개입, 4개, 흰색",48%,"40,000","20,800","모레(토)  
 도착 예정",100,858
"크리오 펌프팝 어린이칫솔 유아 키즈 2단계 10개입, 혼합색상, 1세트",36%,"17,800","11,300","내일(금)  
 도착 보장",90,488
"궁중비책 유아용 프리뮨 모이스처 로션, 350ml, 1개",4%,"17,930","17,160","내일(금)  
 도착 보장",100,1016
"릿첼 TLI 소프트이유스푼 2종 + 케이스 세트, 혼합 색상, 1세트",11%,"10,890","9,640","내일(금)  
 도착 보장",100,9228
"퍼실 센서티브 젤 유아 세제 1.35L, 2개",21%,"20,200","15,890","내일(금)  
 도착 보장",90,27815
존슨즈 베이비 레귤러 오일 500ml X 2개,30%,"27,800","19,460","모레(토)  
 도착 예정",90,8089
"하기스 NEW 맥스드라이 여아용 팬티형 기저귀, 4단계, 104매",9%,"49,900","44,930","내일(금)  
 도착 보장",100,2461
"앙블랑 샤인 옐로우 유아물티슈 캡형 55평량, 100매, 10팩",62%,"50,000","18,800","1/23(화)  
 도착 예정",90,479
"네추럴라이즈 멀티비타민 꾸미, 60정, 2개",3%,"16,750","16,120","내일(금)  
 도착 보장",100,4520
"좋아서쓰는 더 프리미엄 아기물티슈 캡형, 100매, 10개",39%,"20,900","12,600","내일(금)  
 도착 보장",90,6222
"길벗스쿨 기적의 계산법 세트, 수학, 초등 4학년",10%,"17,000","15,300","내일(금)  
 도착 보장",100,4255
"에디슨 아동용 입체 스텐 교정젓가락 2종 세트, 뽀로로, 크롱, 1세트",37%,"18,400","11,530","내일(금)  
 도착 보장",100,7843
"레모나 톡톡 어린이 비타민 간식 2g 100포, 200g, 1개",39%,"20,000","12,050","내일(금)  
 도착 보장",100,2141
"길벗스쿨 기적의 계산법 세트, 수학, 초등 2학년",10%,"17,000","15,300","내일(금)  
 도착 보장",100,4255
"비앤비 젖병세정제 액상형, 600ml, 1개",No discount,No original price,"17,000","1/23(화)  
 도착 예정",90,16339
"길벗스쿨 기적의 계산법 세트, 수학, 초등 3학년",10%,"17,000","15,300","내일(금)  
 도착 보장",100,4255
"존슨즈베이비 화이트 베이비 로션, 500ml, 2개",37%,"31,800","19,900","모레(토)  
 도착 예정",90,7937
"레드씰 키즈 치약 75g×4개, 75g, 3개",No discount,No original price,"13,500","모레(토)  
 도착 예정",100,3310
"2080 주니어 자일리 플러스 치약, 80g, 6개",No discount,No original price,"17,910",,100,6501
"블랑슈 프리미엄 더블랙 아기물티슈 캡형 75평량, 70매입, 10개",47%,"31,900","16,700","내일(금)  
 도착 보장",100,9597
"코멧 저자극 시그니처 아기 물티슈 엠보싱 캡형 55평량, 100매, 10팩",46%,"23,900","12,790","내일(금)  
 도착 보장",100,265113
"블랑키즐 유아용 치약 애플망고향, 60g, 2개",58%,"24,000","9,900","내일(금)  
 도착 보장",100,115
"마이비 허니콤 수유패드, 120매입, 1개",35%,"16,000","10,350","내일(금)  
 도착 보장",90,6586
"자연은 더말린 제로 자몽, 500ml, 20개",44%,"34,000","19,000","내일(금)  
 도착 보장",100,917
"고려은단 비타민C 1000 + 쇼핑백, 180정, 1개",No discount,No original price,"18,000","내일(금) 새벽  
 도착 보장",100,10174
"아토앤오투 1종 젖병 & 주방세제 리필 무향, 480g, 1개",No discount,No original price,"14,000","모레(토)  
 도착 예정",100,552
"고려은단 비타민C 1000, 600정, 1개",8%,"50,000","45,900","1/23(화)  
 도착 예정",100,193297
"팔도 뽀로로 음료 페트 235ml, 딸기맛, 24개",47%,"31,200","16,240","내일(금)  
 도착 보장",100,50380
"종근당 비타민C, 600정, 2개",1%,"52,670","52,000","내일(금)  
 도착 보장",100,23376
"뽀롱뽀롱 뽀로로 사물 한글 카드 시리즈 120, 키즈아이콘",22%,"18,000","13,900","내일(금)  
 도착 보장",100,1204
"로흐야 어린이 유아 멜라민 식판 세트 805+키즈 볼, 연베이지, 유아식판 + 키즈볼",No discount,No original price,"8,850","내일(금)  
 도착 보장",100,173
"하기스 NEW 네이처메이드 팬티형 기저귀 여아용, 6단계, 76매",No discount,No original price,"50,080","내일(금)  
 도착 보장",100,5690
"캐치티니핑 하츄핑 봉제인형, 혼합색상, 28cm",21%,"28,000","21,900","내일(금)  
 도착 보장",100,2003
캠피셔스 키즈 이중기모 바라클라바 넥워머,58%,"47,900","19,800","내일(금)  
 도착 보장",100,74
"쁘리엘르 허밍 순면 유아 누비 방수패드, 아이보리, 1개",19%,"14,850","11,900","내일(금)  
 도착 보장",100,4708
"에디슨 아동용 입체 스텐 교정젓가락 2종 세트, 뽀로로,루피, 1세트",37%,"18,400","11,530","내일(금)  
 도착 보장",100,7843
"킹 프리미엄 저자극 대용량 아기물티슈 캡형 50평량, 100매, 10개",No discount,No original price,"25,100","모레(토)  
 도착 예정",100,16113
"하기스 2021 신형 네이처메이드 밤부 기저귀 남아용 특대형 5단계 (11~16kg) 팬티형, 88매",15%,"56,880","48,000","내일(금)  
 도착 보장",100,1359
"베베앙 오리지널 플러스 아기물티슈 리필형 55평량, 100매, 10개",45%,"23,900","12,990","내일(금)  
 도착 보장",90,8767
"일리윤 세라마이드 아토 수딩 젤175ml, 175ml, 1개",No discount,No original price,"13,900","모레(토)  
 도착 예정",100,5796
"베베앙 120 엠보싱 대용량 아기물티슈 캡형 50평량, 120매, 10팩",49%,"25,900","12,980","내일(금)  
 도착 보장",90,20115
"베이비팜 아기 과일 과즙망 + 실리콘망 S + M + L 세트, 핑크, 1세트",1%,"9,900","9,800","내일(금)  
 도착 보장",100,2146
"탐사 매직리필비닐봉투 280시리즈 호환 22L/25L 베이비파우더향, 10개",46%,"28,900","15,490","내일(금)  
 도착 보장",100,7351
"베베숲 시그니처 레드 유아물티슈 캡형 80평량, 70매, 10개",22%,"32,000","24,900","모레(토)  
 도착 예정",100,4511
"핑크풋 13000쪼꼬미친구들 소프트 클레이 16g x 24종 세트, 24색, 554g",14%,"11,900","10,150","내일(금)  
 도착 보장",90,1543
"포켓몬스터 자동 비밀금고, 블루",11%,"24,800","21,950","내일(금)  
 도착 보장",90,3147
"에디슨 유아용 에코젠 컵, 민트, 2개",57%,"24,750","10,630","내일(금)  
 도착 보장",100,635
"가그린 동아제약 어린이용 구강 세정제 청포도향 랜덤발송, 380ml, 3개",46%,"16,500","8,780","내일(금)  
 도착 보장",100,2696
"폴메디슨 고농축 유아용 저자극 얼룩제거제, 500ml, 1개",35%,"14,880","9,550","내일(금)  
 도착 보장",90,4613
"굿나이트 팬티형 키즈 기저귀 여아용, 대형(L), 68매",35%,"71,900","46,550","내일(금)  
 도착 보장",100,4817
"팸퍼스 통잠팬티 팬티형 밤기저귀, 5단계, 104매",No discount,No original price,"56,500","모레(토)  
 도착 예정",100,9472
"순작 청정지역 무주산 우리아이 첫 보리차 24p, 192g, 1개",No discount,No original price,"17,800","1/23(화)  
 도착 예정",90,14786
"닥터아토 에센셜 모이스춰 로션, 350ml, 2개",No discount,No original price,"13,610","모레(토)  
 도착 예정",90,16057
"폴메디슨 키즈 아토 바스앤샴푸 베이비파우더향, 510ml, 1개",32%,"14,650","9,900","내일(금)  
 도착 보장",90,16995
"맘마밀 안심이유식 12개월, 표고버섯과 소고기, 10개입, 100g",43%,"27,000","15,190","내일(금) 새벽  
 도착 보장",100,1278
"하기스 퓨어 그린 유아물티슈 캡형 72매입, 72매, 10개",No discount,No original price,"19,720","1/23(화)  
 도착 예정",100,6031
"플레이맥스 싹둑요리 과일자르기 놀이 세트, 혼합 색상",6%,"16,720","15,700","내일(금)  
 도착 보장",90,12201
"이크 실리콘 투약병 검정눈금 20cc 3종 1세트, 1개",7%,"19,900","18,400","내일(금)  
 도착 보장",100,153
"뇌를 깨우는 아침 공부의 기적 : 등교 전 1시간에 주목하라!, 한빛미디어, 김민주",10%,"17,500","15,750","1/22(월)  
 도착 보장",No rating,No reviews
"뽀로로 한글 동요 사운드 카드 2020 리뉴얼, 키즈아이콘, 1권",30%,"24,000","16,800","내일(금)  
 도착 보장",100,2985
"2021 신형 하기스 네이처메이드 밤부 팬티형 기저귀 여아용, 88매, 5단계",11%,"54,000","48,000","내일(금)  
 도착 보장",100,2707
"존슨즈베이비 로션 핑크, 750ml, 1개",43%,"22,500","12,820","1/30  
 도착 예정",90,19153
"비앤비 까만참숯면봉, 150개입, 3개",No discount,No original price,"15,000","1/23(화)  
 도착 예정",100,7769
"고려은단 비타민C1000 이지 + 비타민D UPGRADE 180정, 1개",19%,"20,000","16,050","모레(토)  
 도착 예정",100,31009
"고려은단 비타민C 1000, 300정, 1개",22%,"36,000","27,950","내일(금)  
 도착 예정",100,193297
"릴팡 시나모롤 진공스텐 쥬니어 수저케이스 세트, 혼합색상, 숟가락 + 젓가락 + 케이스, 1개",53%,"25,000","11,600","내일(금)  
 도착 보장",100,682
"베베쿡 처음 먹는 어린이 김 순수, 김맛, 15g, 3개",10%,"11,700","10,500","내일(금)  
 도착 보장",90,13743
"아이러브베베 핑크 아기물티슈 캡형 43평량, 100매, 20팩",23%,"18,900","14,530","내일(금)  
 도착 예정",100,1614
"순둥이 베이직 유아물티슈 캡형 55평량, 80매, 10팩",No discount,No original price,"16,200","1/23(화)  
 도착 예정",100,28967
"프랑프랑 플라스틱0% 에코 오리지널(65gsm) 생분해 아기물티슈 셀룰로오즈100%, 10팩, 70매입",14%,"21,900","18,710","내일(금)  
 도착 보장",100,67
"존슨즈베이비 베드타임 베이비 로션, 500ml, 1개",25%,"17,900","13,300","모레(토)  
 도착 예정",100,26010
"무스텔라 폼 포 뉴 본 유아샴푸, 1개, 150ml",26%,"18,000","13,180","내일(금)  
 도착 보장",100,2587
"[쿠팡수입] 코쿠보 열 냉각시트 어린이 성인 겸용 무향, 16개입, 2개",65%,"25,800","8,800","내일(금)  
 도착 보장",100,2969
"예꼬맘 360도 베이비용 칫솔 1단계, 랜덤 발송, 1개입, 3개",5%,"13,300","12,570","내일(금)  
 도착 보장",90,5297
"듀오솔루션 디맥스 주니어 1450 고불소 치약 어린이 초등학생용, 80g, 3개",1%,"20,480","20,240","내일(금)  
 도착 보장",100,1352
"핑크퐁 아기상어 심플 손잡이컵 3종 세트, 혼합색상, 1세트",No discount,No original price,"15,170","1/23(화)  
 도착 예정",100,981
"폴메디슨 키즈 아토 캡슐세제 코튼향 40개입, 560g, 1개",45%,"13,170","7,120","내일(금)  
 도착 보장",90,267
"베베숲 아기물티슈 프리미어 엠보싱 70매 캡 20팩/70gsm, 70개입, 20개",No discount,No original price,"29,990","모레(토)  
 도착 예정",100,12531
"일리윤 튼살크림, 200ml, 1개",48%,"31,900","16,460","내일(금)  
 도착 보장",90,7979
"피닉스 프리미엄 아동 수경 PN509J, 화이트",15%,"10,000","8,500","내일(금)  
 도착 보장",90,6388
"엠디글로벌 밴드형 다이얼 서랍 이중잠금장치 유아안전용품, 혼합 색상, 6개",No discount,No original price,"12,500","내일(금)  
 도착 보장",100,5138
"2080 키즈 브레드이발소 3스텝 칫솔, 블루, 1개입, 12개",38%,"18,000","11,090","내일(금)  
 도착 보장",100,11067
"요플레 키즈 딸기, 240g, 4개",7%,"9,800","9,100","내일(금) 새벽  
 도착 보장",100,7457
"팸퍼스 베이비드라이 엑스트라 흡수 팬티형 기저귀, 5단계, 156매",No discount,No original price,"89,000","모레(토)  
 도착 예정",100,45215
"시온넷 슈링클 매직페이퍼 반투명 10p + 야광 2p 세트 A4 0.3mm, 반투명, 야광, 1세트",No discount,No original price,"8,900","내일(금)  
 도착 보장",90,823
"해호 캐치티니핑 피규어 칫솔, 하츄핑1개+나나핑1개+꾸래핑1개+솔찌핑1개",No discount,No original price,"14,520","내일(금)  
 도착 보장",100,185
"팸퍼스 베이비 드라이 아동공용 기저귀 팬티형, 5단계, 144매",7%,"58,900","54,360","내일(금) 새벽  
 도착 보장",100,313
"도리도리 패턴플레이 오리지널 아기물티슈 캡형 55평량, 10팩, 100매",48%,"24,900","12,900","내일(금)  
 도착 보장",90,1338
"브라운 귀적외선체온계 IRT-6030 + 크린셉 스틱스왑, 1세트",4%,"73,250","70,110","내일(금)  
 도착 보장",100,2272
"투코비 프리미엄 알루미늄 미술용 팔레트, 1세트, 20칸",44%,"20,000","11,180","내일(금)  
 도착 보장",100,2529
"하기스 NEW 크린베베 순면감촉 일자형 기저귀 유아용, 4단계, 192매",8%,"27,760","25,290","내일(금)  
 도착 보장",90,4559
"안디 시그니처 저자극 대용량 아기 물티슈 캡형 50gsm, 102매, 10팩",43%,"23,900","13,450","내일(금)  
 도착 보장",100,15325
"비앤비 거품형 용기 젖병세정제, 550ml, 2개",No discount,No original price,"13,000","1/23(화)  
 도착 예정",90,11659
"고려은단 비타민C 1000, 720정, 1개",No discount,No original price,"55,900","1/23(화)  
 도착 예정",100,193297
"루이비앙 핑크 저자극 엠보싱 아기물티슈 캡형, 100매, 10개",40%,"23,300","13,760","내일(금)  
 도착 보장",100,46421
"돌 하이 애플 주스, 사과, 120ml, 24개",20%,"16,500","13,200","내일(금)  
 도착 보장",100,30517
"메디안 365DAYS 스텝2 어린이 칫솔 세트, 혼합색상, 12개, 1세트",52%,"26,900","12,900","내일(금)  
 도착 보장",100,5888
"코멧 아기물티슈 오리지널 캡형 50평량, 100매, 10팩",38%,"18,000","10,990","내일(금)  
 도착 보장",100,337867
"베베앙 시그니처 유아물티슈 캡형 50gsm, 100매, 10개",44%,"22,900","12,600","내일(금)  
 도착 보장",100,43177
"아이배냇 순창 한식 된장, 150g, 1개",41%,"21,710","12,770","모레(토)  
 도착 예정",90,8495
"그로미미 유아용 PPSU 빨대컵 300ml, 돗꼼 버터, 1개",35%,"32,000","20,700","내일(금)  
 도착 보장",100,307
"하기스 아기 물티슈 캡형, 72매, 10개",12%,"21,230","18,500","내일(금)  
 도착 보장",100,6348
"쿠잉 네이쳐 엠보싱 아기물티슈 캡형 45평량, 120매, 10팩",40%,"19,900","11,900","내일(금)  
 도착 보장",100,12200
"경남) 레모나 구미 비타민C 젤리 43g x 10팩 비타민 함유, 10개",No discount,No original price,"11,500","모레(토)  
 도착 예정",90,2335
"베베숲 시그니처 블루 유아물티슈 캡형 75평량, 70매, 10팩",8%,"26,000","23,900","모레(토)  
 도착 예정",100,83272
"그린핑거 파워쉴드 선스틱 워터프루프 SPF50+ PA++++, 14g, 1개",58%,"18,000","7,500","모레(토)  
 도착 예정",100,9121
"도리도리 패턴플레이 시그니처 아기물티슈 캡형 50gsm, 10팩, 100매",48%,"23,000","11,890","내일(금)  
 도착 보장",90,4569
"팔도 뽀로로 과일맛 젤리, 53g, 12개",No discount,No original price,"13,900","모레(토)  
 도착 예정",100,4643
"맘마밀요미요미 유기농 주스 125ml, 과일믹스, 24팩",35%,"24,000","15,400",No delivery info,100,2172
"도리도리 패턴플레이 시그니처 아기물티슈 캡형 50gsm, 10팩, 100매",48%,"23,000","11,890","내일(금)  
 도착 보장",90,4569
"팔도 뽀로로 과일맛 젤리, 53g, 12개",No discount,No original price,"13,900","모레(토)  
 도착 예정",100,4643
"아모스 1200 딱풀, 35g, 12개",61%,"21,000","8,170","모레(토)  
 도착 예정",100,2400
"베베숲 프리미어 물티슈 캡형 70gsm, 70매, 10개",No discount,No original price,"15,840","내일(금)  
 도착 예정",100,12531
"종근당 비타민C, 600정, 1개",14%,"50,000","42,900","모레(토)  
 도착 예정",100,23376
"베지밀 프리미엄 토들러2 아기두유 190ml, 원액두유, 16팩",11%,"16,900","14,900","내일(금)  
 도착 보장",90,16121
"필립스아벤트 울트라에어 NEW 야광노리개 젖꼭지 SCF376/12, 0~6개월, 핑크, 1개",42%,"17,000","9,810","내일(금)  
 도착 보장",100,11013
"베베쿡 처음 먹는 어린이김, 오리지널, 15g, 3개",12%,"12,030","10,530","내일(금)  
 도착 보장",90,13743
"베베숲 라이트 아기물티슈 캡형 50평량, 80매, 10개",26%,"24,200","17,900","모레(토)  
 도착 예정",100,54534
"베베숲 시그니처 위드 블루 70매 캡 10팩, 10개",No discount,No original price,"17,150","모레(토)  
 도착 예정",100,3051
"앱솔루트 명작 2FL 분유 2단계, 800g, 1개",4%,"20,520","19,650","내일(금)  
 도착 보장",100,21907
"고려은단 메가도스C 비타민C 3000mg, 180g, 1개",11%,"20,140","17,900","내일(금)  
 도착 보장",100,18429
"블랑101 무향 리퀴드 젖병 세정제, 720ml, 1개",17%,"15,760","13,000","내일(금)  
 도착 보장",100,11058
"제니튼 닥터제니 1450 고불소 주니어 어린이치약 초등학생치약, 60g, 1개",No discount,No original price,"7,500","내일(금)  
 도착 예정",100,3610
"BRAUN 귀체온계용 필터캡 20p, 3개",23%,"19,990","15,380","모레(토)  
 도착 예정",100,15168
"그린핑거 촉촉한 자연보습 베이비로션, 320ml, 1개",No discount,No original price,"14,900","1/23(화)  
 도착 예정",100,28417
"브라운 네이처 센시티브 아기물티슈 휴대캡형 73평랑, 20매, 12개",56%,"22,300","9,800","내일(금)  
 도착 보장",100,9199
"네이쳐러브메레 유아 욕조 세정제, 400ml, 1개",3%,"7,330","7,110","내일(금)  
 도착 보장",100,2091
"릿첼 AQ 첫걸음 머그 스텝업 세트 150ml, 핑크, 1세트",6%,"17,800","16,680","내일(금)  
 도착 보장",100,7416
"요미요미 튼튼주스 125ml, 배도라지, 24개",5%,"18,960","17,900","내일(금)  
 도착 보장",100,10868
"흔한남매, 15권, 아이세움, 흔한남매, 백난도",10%,"14,500","13,050","내일(금)  
 도착 보장",100,14472
"루솔 진한 배도라지즙, 진한배도라지즙, 100ml, 20개",No discount,No original price,"23,800","모레(토)  
 도착 예정",100,12475
"네오룬즈 라운드풍선 30cm, 스탠다드(혼합), 100개입",38%,"16,000","9,820","내일(금)  
 도착 보장",90,1006
"꿈토리 베이직 넉넉한 점프 아기물티슈 캡형 55gsm, 100매입, 20개",6%,"16,470","15,470","내일(금)  
 도착 보장",90,11503
"둘리 유아 물티슈 라이트 캡형, 100매, 10팩",No discount,No original price,"18,100","모레(토)  
 도착 예정",90,4448
"오슬로 미니 푸드자, 핑크, 220ml, 1개",No discount,No original price,"14,000","내일(금)  
 도착 보장",90,1448
"[안녕골목마켓] 팔도 뽀로로5종세트_밀크3개+딸기3개+사과3개+블루베리3개+샤인머스캣3개, 밀크3+딸기3+사과3+블루베리3+샤인3, 1세트",No discount,No original price,"15,800","내일(금)  
 도착 보장",100,1499
"그린핑거 물놀이 선크림 워터프루프 SPF50+ PA++++, 1개, 50ml",68%,"19,000","6,000","내일(금)  
 도착 예정",100,4522
"하기스 NEW 네이처메이드 팬티형 기저귀 남아용, 88매, 5단계",4%,"50,580","48,510","내일(금)  
 도착 보장",100,1966
"2080 키즈알파크리닉 3단계 키즈 치약 메론향, 80g, 6개",50%,"17,900","8,910","내일(금)  
 도착 보장",100,7178
"에디슨 혀 크리너 5개 구취 백태 입냄새 제거 클리너 설태 어린이 키즈 성인, 9g",No discount,No original price,"9,460","모레(토)  
 도착 예정",100,928
리빙선데이 고무자석 냉장고 일상 메모 화이트보드 기본형 + 자석 마카펜 2종 세트,12%,"9,620","8,440","내일(금)  
 도착 보장",90,385
"네이쳐러브메레 ABC 안전 디딤대, 그레이, 1개",No discount,No original price,"15,900","내일(금)  
 도착 보장",100,2346
"릿첼 AQ 첫걸음 머그 스텝업 세트 150ml, 옐로우, 1세트",6%,"17,800","16,680","내일(금)  
 도착 보장",100,7416
"종근당 비타민C, 200정, 1개",38%,"30,000","18,500","모레(토)  
 도착 예정",100,23376
"베베앙 시그니처 플러스 엠보싱 유아물티슈 캡형 52gsm, 100매, 10개",17%,"13,300","10,970","내일(금)  
 도착 보장",100,740
"고려은단 비타민C 1000 + 쇼핑백, 180정, 1개",No discount,No original price,"18,000","내일(금)  
 도착 보장",100,193297
"탐사 학습교재용 대용량 믹스 색종이 1000매, 30색, 1팩",28%,"13,900","9,990","내일(금)  
 도착 보장",100,8523
"릴팡 시나모롤 올스텐 주니어 수저 클리어 케이스 세트, 혼합색상, 숟가락 + 젓가락 + 케이스, 1세트",27%,"19,000","13,780","내일(금)  
 도착 보장",100,213
"존슨즈베이비 오일, 500ml, 1개",21%,"13,900","10,920","모레(토)  
 도착 예정",90,8089
"팸퍼스 아르모니 터치 오브 네이처 팬티형 기저귀 아동용 5단계 (12~17kg), 80매",18%,"50,500","41,310","내일(금)  
 도착 보장",100,251
"파파루 간편레시피 유기농 이유식 쌀 백미 초기 350g, 1개",No discount,No original price,"6,800","내일(금)  
 도착 보장",100,2952
"스마일랩 배테기 데이비드 배란테스트기, 30개입, 1개",No discount,No original price,"18,000","모레(토)  
 도착 예정",100,12736
"유아학습 벽그림 6종세트 3단계, 나우에듀",58%,"24,000","9,900","내일(금)  
 도착 보장",100,6166
"유니맘 모유저장팩 210ml, 120매, 1개",72%,"50,000","13,800","1/23(화)  
 도착 예정",100,9479
"팔도 뽀로로 워터젤리 복숭아, 1.2L, 1개",No discount,No original price,"9,800","모레(토)  
 도착 예정",100,7049
"앙블랑 인디핑크 아기물티슈 캡형 60평량, 72개입, 10개",42%,"26,000","15,000","내일(금)  
 도착 보장",100,30026
"하기스 모이스쳐케어 플러스 유아물티슈 캡형, 72매, 10개",17%,"20,900","17,220","내일(금)  
 도착 보장",100,6085
"릴크리터스 꾸미바이트 꾸미베어스 칼슘 + 비타민D3 어린이 건강식품 60정, 156g, 1개",19%,"14,910","12,000","내일(금)  
 도착 보장",100,7807
"메디안 365DAYS 스텝3 어린이칫솔 12개입, 혼합 색상, 12개, 1개",52%,"26,900","12,900","내일(금)  
 도착 보장",100,14927
"궁중비책 페이스 로션, 80ml, 1개",No discount,No original price,"13,000","1/23(화)  
 도착 예정",100,11472
"광동제약 비타민C 1000mg 8개월분, 240정, 1개",4%,"12,940","12,340","내일(금)  
 도착 예정",100,3249
"프랑프랑 플라스틱0% 써밋 저자극 아기물티슈 셀룰로오즈100% 캡형 60gsm, 80매입, 10개",51%,"39,000","18,900","내일(금)  
 도착 보장",100,813
"[푸디버디] 빨강라면 멀티 (84g X 4개입), 소고기맛, 84g, 4개",No discount,No original price,"6,800","1/23(화)  
 도착 예정",90,874
"카카오 프렌즈 레모나 2g 70포, 140g, 1개",36%,"19,800","12,600","내일(금)  
 도착 보장",100,3578
"베베숲 제로 물티슈 캡형 80매 8팩 + 휴대용 20매 5팩, 1세트",15%,"26,000","22,000","모레(토)  
 도착 예정",90,24950
"브라운 오리지널 플러스 유아물티슈 캡형 55평량, 20매, 12팩",No discount,No original price,"12,900","1/24(수)  
 도착 예정",100,42382
"모윰 올 실리콘 마카롱 쪽쪽이, 0단계, 망고샤베트, 1세트",18%,"15,000","12,300","내일(금)  
 도착 보장",100,8420
"베베숲 시그니처 블루 유아물티슈 캡형 75평량, 20매, 12팩",22%,"16,000","12,400","모레(토)  
 도착 예정",100,83272
"밀크바오밥 베이비 앤 키즈 컨디셔너 풍선껌향, 500ml, 1개",39%,"18,800","11,330","내일(금)  
 도착 보장",100,7490
마미트리 아동용 RW마스터 방한부츠,36%,"39,900","25,220","내일(금)  
 도착 보장",90,389
"밀크바오밥 베이비앤키즈 페이셜 폼 브레드이발소 에디션, 300ml, 1개",29%,"16,800","11,800","내일(금)  
 도착 보장",100,3319
"리마크몰) 10617 러버덕 도시락 가방/보온가방/보냉가방/도시락가방, 옐로우",7%,"12,380","11,400","모레(토)  
 도착 예정",100,993
"탐사 스케치북 도화지 130g 8절, 125매",37%,"10,900","6,790","내일(금)  
 도착 보장",100,17585
"베베숲 시그니처 블루 유아물티슈 캡형 75평량, 32매입, 12개",No discount,No original price,"17,900","1/23(화)  
 도착 예정",100,83272
"도담이 소프트 플레인 유아물티슈 캡형 50평량, 100매, 10팩",40%,"22,000","13,190","내일(금)  
 도착 보장",90,64913
"네이쳐러브메레 유아 오리지널 세탁세제 허브가든향 1800ml, 1개",3%,"8,500","8,240","내일(금)  
 도착 보장",90,9669
"베베숲 센시티브 엠보싱 물티슈 휴대캡형 65gsm, 80매, 10개",12%,"26,200","22,900","모레(토)  
 도착 예정",100,151537
"탐사 키즈 스케치북 10p, 20매",22%,"14,900","11,550","내일(금)  
 도착 보장",100,6573
"마더케이 멸균 구강티슈 30p, 115g, 2개",30%,"22,000","15,310","내일(금)  
 도착 보장",100,4711
"블랑슈 오리지널 플러스 아기물티슈 캡형 75평량, 70매, 10개",46%,"29,700","15,880","내일(금)  
 도착 보장",100,41160
"제니튼 닥터제니 어린이 치약, 60g, 1개",No discount,No original price,"6,600","모레(토)  
 도착 예정",90,26386
"B&B 베이비 치약 플러스 액상형 80g (사과향) 신생아, 1개",No discount,No original price,"4,400","내일(금)  
 도착 예정",100,3570
"일동후디스 프리미엄 산양분유 1단계, 800g, 2개",No discount,No original price,"77,440","내일(금)  
 도착 보장",100,27938
"비오클라쎄 밀크바오밥 베이비 모이스처 고보습 로션, 500ml, 1개",1%,"14,590","14,300","내일(금)  
 도착 보장",90,13176
"밀크바오밥 베이비&키즈 샴푸 풍선껌향, 500ml, 1개",41%,"18,800","11,000","내일(금)  
 도착 보장",90,17678
"DIY 요술풍선 핑크 튤립 꽃다발 + 손펌프 by 파티아일랜드, 튤립 핑크 꽃다발 + 손펌프",33%,"14,900","9,900","내일(금)  
 도착 보장",80,91
"필립스아벤트 울트라에어 NEW 야광노리개 젖꼭지 SCF376/11, 0~6개월, 블루, 1개",42%,"17,000","9,810","내일(금)  
 도착 보장",100,11013
"베베숲 저자극 제로 물티슈 캡형 55평량, 1개입, 10개",2%,"20,400","19,900","모레(토)  
 도착 예정",100,132695
"마이비 자연품은 얼룩제거제 용기 330ml, 1개",No discount,No original price,"9,000","모레(토)  
 도착 예정",100,9948
아바드 캐릭터 가제손수건 20개입 K형 세트,No discount,No original price,"11,400","내일(금)  
 도착 보장",100,10152
"머리가 좋아지는 오리기 동물:32개 척척 오리기, 스마트베어",No discount,No original price,"6,750","1/23(화)  
 도착 예정",90,953
"에디슨 수저세트 유아실리콘 스푼 포크 케이스 세트, 기린 블루, 스푼 + 포크 + 케이스, 1세트",33%,"14,200","9,400","내일(금)  
 도착 보장",100,3685
"하기스 NEW 네이처메이드 팬티형 기저귀 여아용, 4단계, 104매",3%,"50,580","49,000","내일(금)  
 도착 보장",100,5690
"브리엘 유아용 버블 바디클렌저 복숭아향 200ml + 베리향 200ml + 망고향 200ml 세트, 1세트",11%,"16,900","14,900","내일(금)  
 도착 보장",100,638
"카스 카스온습도계 TE-301 디지털 온습도계, 화이트, 1개",No discount,No original price,"8,290","내일(금)  
 도착 예정",90,16041
"베베숲 저자극 제로 물티슈 캡형 55평량, 20개입, 16개",25%,"15,200","11,400","모레(토)  
 도착 예정",100,132695
"블랑슈 오리지널 클래스 유아물티슈 캡형, 70매, 10팩",39%,"24,900","14,980","내일(금)  
 도착 보장",100,89
"아토팜 판테놀 스틱 밤, 10g, 1개",No discount,No original price,"12,400","내일(금)  
 도착 보장",100,765
"에디슨 유아 실리콘 스푼 포크 케이스 세트, 토끼 핑크, 스푼 + 포크 + 케이스, 1세트",33%,"14,200","9,400","내일(금)  
 도착 보장",100,3685
"지구화학 슈퍼 색연필 + 노마르지 사인펜 세트, 1세트, 12색",No discount,No original price,"7,900","1/23(화)  
 도착 예정",100,1961
"베베앙 라이트 아기물티슈 캡형 43gsm, 100매, 10팩",42%,"20,900","11,980","내일(금)  
 도착 보장",90,16815
"네이쳐러브메레 젖병 세정제 액상 리필, 500ml, 3개",3%,"10,030","9,720","내일(금)  
 도착 보장",100,6503
"아망떼 베이직 엠보싱 물티슈 캡형 40gsm, 120매, 10개",43%,"20,900","11,900","내일(금)  
 도착 보장",90,43377
"도담이 소프트 플레인 유아물티슈 캡형 50평량, 100매, 20팩",3%,"22,330","21,660","내일(금)  
 도착 보장",90,64913
"에디슨 수저세트 유아 실리콘 스푼포크케이스세트, 오리 옐로우, 스푼 + 포크 + 케이스, 1세트",33%,"14,200","9,400","내일(금)  
 도착 보장",100,3685
﻿2080 키즈크리닉 4단계 치약 80g 6개,No discount,No original price,"12,900","1/25  
 도착 예정",100,19668
"모구모구 복숭아맛, 320ml, 24개",18%,"23,000","18,770","내일(금)  
 도착 보장",100,4463
"드빈치 유기가공식품 인증 아기치즈 2단계 20매, 360g, 1개",3%,"10,500","10,100","내일(금) 새벽  
 도착 보장",100,3600
"그로미미 실리콘 빨대꼭지 2단계, 투명, 4개입",37%,"22,780","14,300","내일(금)  
 도착 보장",100,9077
"기적의 파닉스. 1:하루 4쪽 3개월이면 혼자서도 영어책 읽기가 가능해지는, 길벗스쿨",10%,"14,000","12,600","내일(금)  
 도착 보장",100,1272
"모리의집 유아용 길이조절 샴푸캡, 옐로우, 1개",No discount,No original price,"9,800","내일(금)  
 도착 보장",90,2050
"구트할로 비타민C 500 레몬맛 발포비타민, 20정, 3개",No discount,No original price,"10,000","내일(금)  
 도착 보장",100,7222
포켓몬스터 벨크로 목걸이지갑,31%,"8,000","5,490","모레(토)  
 도착 예정",100,1889
"BRAUN 귀체온계용 필터캡 20p, 2개",23%,"14,620","11,250","모레(토)  
 도착 예정",100,15168
"지구화학 투명이 색연필, 빨강, 12개입, 1색, 1개",48%,"10,000","5,180","내일(금)  
 도착 예정",100,3091
"르번 헬로카봇12 알찬 교정젓가락 세트, 혼합색상, 젓가락 + 스푼 + 포크 + 케이스",65%,"29,750","10,140","내일(금)  
 도착 보장",100,246
"하기스 매직컴포트 팬티형 기저귀 남여공용, 5단계, 68매",8%,"34,220","31,430","내일(금)  
 도착 보장",100,1051
미꼬밴드 미꼬 통 헤어끈,No discount,No original price,"6,800","내일(금)  
 도착 보장",100,11733
"아토팜 아동용 페이스 크림, 50ml, 1개",No discount,No original price,"12,110","내일(금)  
 도착 보장",90,3547
"비앤비 젖병세정제 액상형 리필, 500ml, 3개",5%,"6,920","6,570","내일(금)  
 도착 보장",90,21379
"비앤비 섬유세제 리필, 1.5L, 1개",5%,"6,690","6,350","내일(금)  
 도착 보장",100,13919
"비앤비 젖병세정제 거품형 리필, 400ml, 3개",12%,"6,830","5,970","내일(금)  
 도착 보장",100,23585
"네이쳐러브메레 유아 식기세정제 리필, 500ml, 3개입",3%,"10,600","10,180","내일(금)  
 도착 보장",100,22093
"삼현제약 헬스데이 베이비파우더 100ml 1개/땀띠 파우더, 1개",No discount,No original price,"7,500","모레(토)  
 도착 예정",90,7474
"아토팜 탑투토 워시, 100ml, 1개",14%,"8,500","7,250","내일(금)  
 도착 보장",100,1789
롤리트리 유아동용 페이크 목폴라 넥워머,48%,"5,800","2,990","내일(금)  
 도착 보장",100,2717
"베베팡 오리지널 제로 아기물티슈 캡형 52평량, 102매, 10팩",53%,"24,900","11,680","내일(금)  
 도착 보장",100,445
"첫 오리기:손은 제2의 두뇌 집중력 창의력이 쑥쑥, 블루래빗",10%,"9,000","8,100","내일(금)  
 도착 보장",90,3083
"(주)삼현제약 토닥 베이비파우더(무석면 안심파우더)100ml, 100g, 1개",16%,"9,500","7,900","모레(토)  
 도착 예정",90,4362
"(주)삼현제약 토닥 베이비파우더(무석면 안심파우더)100ml, 100g, 1개",16%,"9,500","7,900","모레(토)  
 도착 예정",90,4362
"예꼬맘 치카케어 3단계 주니어용 고불소 치약 60g + 미니 치약 15g, 3세트",42%,"21,000","12,020","내일(금)  
 도착 보장",100,2938
"탐사 스케치북 도화지 130g 8절, 250매",23%,"12,900","9,890","내일(금)  
 도착 보장",100,17585
"레토 무선 갓 LED 무드등 스탠드 LML-LS27R, 화이트",3%,"14,700","14,160","내일(금)  
 도착 보장",100,1366
"크리오 펌프팝 어린이칫솔 초등 주니어 3단계 10개입, 혼합색상, 1세트",45%,"17,800","9,740","내일(금)  
 도착 보장",90,628
"트와이닝 루이보스 허브차 티백, 2g, 25개입, 1개",9%,"9,700","8,820","내일(금)  
 도착 보장",100,5605
"아토팜 모이스처라이징 멀티 오일, 100ml, 1개",15%,"14,290","12,090","내일(금)  
 도착 보장",100,400
"HOONYS 눈오리집게세트 4종세트 스노우볼메이커, 대형눈오리+눈사람+공+소형하트",23%,"13,000","9,900","모레(토)  
 도착 예정",90,16
"일동후디스 아동용 아이얌 칼슘웨하스 6g x 50p, 딸기, 300g, 1개",11%,"19,100","16,890","내일(금)  
 도착 보장",100,826
"오사닛 캔디 7.5g, 자일리톨, 1개",No discount,No original price,"13,900","내일(금)  
 도착 보장",90,5329
"드빈치 유기가공식품 인증 어린이치즈 3단계 20매, 360g, 1개",2%,"10,500","10,280","내일(금) 새벽  
 도착 보장",100,2956
"피앤비유니티 데이지 풍선구름형 생일세트, 03)데이지 풍선구름형-마카롱커튼",17%,"16,900","13,900","내일(금)  
 도착 보장",100,523
"팸퍼스 베이비 드라이 아동공용 기저귀 팬티형, 4단계, 168매",5%,"56,970","54,000","내일(금)  
 도착 보장",100,19696
"초등 영문법 문법이 쓰기다 기본 1:초등 영문법 쓸 수 있어야 진짜 문법이다, 키출판사, 초등 영문법 문법이 쓰기다 시리즈",10%,"12,000","10,800","내일(금)  
 도착 보장",100,631
"따블리에 노라 유아 바디워시 앤 샴푸 약산성 저자극 파우더향, 1개, 1000ml",41%,"18,000","10,550","내일(금)  
 도착 보장",100,97
"코멧 오리지널 플러스 아기물티슈, 10팩, 120매",46%,"21,900","11,790","내일(금)  
 도착 보장",100,2244
"올바른 메가 비타민C 3000, 1개, 270g",No discount,No original price,"12,900","내일(금)  
 도착 보장",100,1482
"맘마밀 안심이유식 12개월, 표고버섯과 소고기, 100g, 10개",6%,"16,220","15,190","내일(금)  
 도착 보장",100,11083
"밀크바오밥 베이비 워시, 500ml, 1개",33%,"14,900","9,930","내일(금)  
 도착 보장",90,14946
"모윰 리얼핏 젖꼭지, 4단계, 2개",20%,"11,500","9,100","내일(금)  
 도착 보장",90,8846
"네이쳐러브메레 유아 오리지널 세제 리필형 허브가든향 1300 ml, 1300ml, 2개",3%,"10,900","10,570","내일(금)  
 도착 보장",100,19953
"퍼기 톡톡 7가지 야채알갱이 60g, 야채맛, 1개",35%,"19,900","12,900","내일(금)  
 도착 보장",100,657
"셈퍼텍스 요술풍선 260S, 파스텔메이트혼합 (랜덤발송), 100개",5%,"10,450","9,900","내일(금)  
 도착 보장",100,1679
"다비앙 유기농 루이보스 생분해 삼각티백, 1.5g, 20개입, 1개",No discount,No original price,"7,800","내일(금)  
 도착 보장",100,1971
"맘마밀요미요미 유기농 주스 125ml, 과일믹스, 24개",35%,"24,000","15,400","내일(금)  
 도착 보장",100,51666
"종근당건강 프리미엄 비타C 1000플러스, 100정, 1개",11%,"10,700","9,500","내일(금)  
 도착 보장",100,15777
"키즈클레이 50g, 15색 세트",41%,"22,500","13,190","내일(금)  
 도착 보장",90,1259
"아토팜 키즈 프레쉬 페이셜 클렌저, 150ml, 1개",No discount,No original price,"11,220","내일(금)  
 도착 보장",100,1105
"비앤비 까만참숯면봉, 150개입, 1개",No discount,No original price,"7,000","1/23(화)  
 도착 예정",100,7769
"뽀롱뽀롱 뽀로로 비타민C (50정), 50정, 3개",No discount,No original price,"5,810","모레(토)  
 도착 예정",100,5440
"광천김 핑크퐁 유기원초 키즈 조미김 2g, 김, 20g, 2개",3%,"9,180","8,900","내일(금)  
 도착 보장",100,4100
"브라운 귀체온계필터 20P(6030/6520사용), 1개",No discount,No original price,"3,480","모레(토)  
 도착 예정",100,15168
롤리트리 유아동용 프리미엄 갑종 골지 타이즈,41%,"7,740","4,560","내일(금)  
 도착 보장",90,490
"아이조움 핑크퐁 아기상어 비데겸용 아동변기시트, 혼합색상",No discount,No original price,"12,500","내일(금)  
 도착 보장",100,943
"동아제약 굿뉴스 얼리체크 임신테스트기, 1개입, 2개",No discount,No original price,"6,900","모레(토)  
 도착 예정",100,18548
"비앤비 유아의류용 세탁비누 카모마일, 200g, 1개",No discount,No original price,"6,000","1/23(화)  
 도착 예정",100,7576
"셈퍼텍스 요술풍선 260S, 일반 (랜덤발송), 100개",5%,"10,450","9,900","내일(금)  
 도착 보장",100,1679
"노시부 석션팁 한일포근 콧물흡입기 호환 노즈팁 코뻥 3개입, 1호(소형), 3개",26%,"12,900","9,500","내일(금)  
 도착 보장",100,257
"아모스 탱탱 아이클레이 키즈 50g 10색 세트, 혼합색상, 1세트",No discount,No original price,"15,420","내일(금)  
 도착 보장",100,12284
"하루 한장 초등 영어 파닉스+발음기호:MP3 음원 제공, 키즈프렌즈, 이문필",10%,"14,000","12,600","내일(금)  
 도착 보장",100,598
"센스2030 베이비 다용도 통, 아이보리, 1개",No discount,No original price,"8,060","내일(금)  
 도착 보장",100,12586
"폴리그린 전자 체온계 플렉시블 타입 KD-133, 1개",No discount,No original price,"3,590","내일(금)  
 도착 예정",90,1585
"조르단 버디2단계 어린이 칫솔, 랜덤 발송, 1개입, 6개",21%,"9,000","7,110","내일(금)  
 도착 보장",90,7027
"아이배냇 끙아 과일야채주스 80ml, 씨, 10개",23%,"15,000","11,500","내일(금)  
 도착 보장",100,16996
"에디슨 아동용 폴리 이지 스텐 수저 케이스 세트, 혼합색상, 젓가락 + 스푼 + 케이스",33%,"14,800","9,890","내일(금)  
 도착 보장",100,226
"유한양행 해피홈 얼리EZ 임신테스트기, 1개, 3개입",No discount,No original price,"8,900","내일(금)  
 도착 보장",90,1409
"그린핑거 마이키즈 샴푸, 500ml, 1개",60%,"35,160","13,900","내일(금)  
 도착 보장",100,12777
"팸퍼스 베이비 드라이 아동공용 기저귀 팬티형, 5단계, 144매",7%,"58,900","54,360","내일(금)  
 도착 보장",100,19696
아티나 2인용 어린이 눈썰매 블랙,5%,"23,320","22,020","내일(금)  
 도착 보장",100,803
"파파루 간편레시피 유기농쌀 백미 중간입자 400g, 1개",No discount,No original price,"6,800","내일(금)  
 도착 보장",100,3369
포켓 보온 보냉 도시락 가방 블랙,57%,"11,500","4,900","내일(금)  
 도착 예정",90,674
"산리오캐릭터즈 뜯어만들기, 도티도그",11%,"12,600","11,090","내일(금)  
 도착 보장",100,725
"하기스 퓨어 그린 아기 물티슈 캡형, 72매, 20개",4%,"25,360","24,200","내일(금)  
 도착 보장",100,6031
"올가맘 하이아미쌀로 만든 유기농 쌀가루 고운입자, 1개, 180g",No discount,No original price,"6,900","내일(금)  
 도착 보장",90,19843
"따블리에 아티버블 온가족 바디 클렌저 버블 클렌저 200ml 크리미 거품 목욕 안심 성분 무자극 (파우더 체리 애플 시트러스), 800ml, 1세트",44%,"36,000","19,980","내일(금)  
 도착 보장",90,1757
"조르단 어린이치약 스텝1단계 랜덤 발송, 75g, 1개",No discount,No original price,"4,700","모레(토)  
 도착 예정",100,9439
"쿤달 유아 딥 클린 항균 초극세모 칫솔 12종 세트, 혼합색상, 12개입, 1개",37%,"21,500","13,490","내일(금)  
 도착 보장",100,3396
"아토팜 더마 수딩 파우더, 23g, 1개",47%,"20,000","10,470","내일(금)  
 도착 보장",100,13549
"내아이애 유기농 쌀과자 스스로 스틱 4종 세트, 현미, 자색고구마, 단호박, 브로콜리, 1세트",16%,"12,000","10,000","내일(금)  
 도착 보장",100,585
"보타니컬테라피 키즈 샴푸, 450ml, 1개",30%,"18,000","12,440","내일(금)  
 도착 보장",100,2218
"보타니컬테라피 키즈 샴푸, 450ml, 1개",30%,"18,000","12,440","내일(금)  
 도착 보장",100,2218
"마이니 생생톡톡 비타C, 108정, 1개",12%,"8,740","7,630","내일(금)  
 도착 보장",100,8960
"베베숲 오리진 물티슈 캡형 50평량, 100매, 10개",27%,"17,900","12,900","모레(토)  
 도착 예정",100,15511
"하루틴 리포좀 비타민C 1100mg x 30정, 1개",4%,"16,050","15,400","내일(금)  
 도착 보장",90,10463
"뽀로로 어린이음료 밀크맛 235 ml, 235ml, 24개",48%,"31,200","16,200","내일(금)  
 도착 보장",100,50380
"마이비 실리콘 손가락 영유아 칫솔 + 케이스, 혼합 색상, 2개",30%,"8,000","5,600","내일(금)  
 도착 보장",90,5546
"2024 큰별쌤 최태성의 별별한국사 한국사능력검정시험 심화(1 2 3급) 하, 없음, 이투스북",10%,"15,500","13,950","내일(금)  
 도착 보장",90,24
"블랑슈 저자극 대용량 오리지널 소프트 유아물티슈 캡형 50평량, 102매, 10개",51%,"24,900","11,980","내일(금)  
 도착 보장",100,16380
"하기스 NEW 네이처메이드 팬티형 기저귀 여아용, 5단계, 88매",2%,"49,900","48,510","내일(금)  
 도착 보장",100,5690
"유니맘 대용량 지퍼백 700ml, 1개입, 100매",24%,"13,750","10,400","내일(금)  
 도착 보장",100,1055
"드빈치 유기가공식품 인증 아기치즈 1단계 20매, 360g, 1개",5%,"10,500","9,900","내일(금) 새벽  
 도착 보장",100,5636
"비앤비 원형 유아용 면봉, 200개, 1개",No discount,No original price,"6,000","1/23(화)  
 도착 예정",100,6033
"2080 키즈알파크리닉 2단계 저불소 어린이 치약 프루티향, 6개, 80g",50%,"19,900","9,900","내일(금)  
 도착 보장",100,6373
"맘마밀 유아용 안심이유식 퓨레 오트밀과 사과프룬, 혼합맛(사과/프룬/오트밀), 100g, 10개",6%,"16,230","15,190","내일(금)  
 도착 보장",100,7907
"폴리그린 전자체온계 KD-1351, 1개",No discount,No original price,"2,100","내일(금)  
 도착 예정",90,6454
"웅진 유기농 하늘보리차, 보리, 200ml, 24개",52%,"26,400","12,500","내일(금)  
 도착 보장",100,29001
"하기스 NEW 네이처메이드 밴드형 기저귀 남아용, 4단계, 120매",No discount,No original price,"49,500","내일(금)  
 도착 보장",100,4280
"미엘 클래식 유아물티슈 캡형 50평량, 100매, 10개",10%,"13,900","12,400","내일(금)  
 도착 보장",100,14008
"앙블랑 스카이 블루 유아물티슈 캡형, 100매, 10팩",4%,"12,760","12,190","내일(금)  
 도착 보장",90,1618
"아가드 베이비버블 샴푸캡 3p, 노랑, 3개",46%,"14,640","7,760","내일(금)  
 도착 보장",90,6443
"[래디어스] 유아칫솔 토츠, 코랄, 옐로우, 그린, 블루, 퍼플, 핑크, 1개입, 6개",21%,"33,000","25,900","내일(금)  
 도착 보장",100,252
"페넬로페 볼리드 화이트 저자극 아기물티슈 캡형, 100매, 10개",37%,"20,800","12,900","내일(금)  
 도착 보장",100,7187
"밀크바오밥 베이비 앤 키즈 티어프리 페이셜 폼 오렌지향, 300ml, 1개",40%,"17,800","10,520","내일(금)  
 도착 보장",100,11951
"아브카 베이비 앤 키즈 아토 고보습 로션 무향, 1개, 500ml",32%,"12,800","8,590","내일(금)  
 도착 보장",100,2308
"아가드 고급형 모서리보호대 2M, 아이보리, 2개",21%,"13,800","10,800","내일(금)  
 도착 보장",90,11378
두들북 2종 세트 아기상어 + 핑크퐁,34%,"16,000","10,500","내일(금)  
 도착 보장",100,479
"일신전기 LED 드림라이트 취침등무드등 수유등 침실등 편리한기능, 주광색, 1개",No discount,No original price,"4,200","내일(금)  
 도착 예정",90,1968
"하기스 NEW 네이처메이드 팬티형 기저귀 남아용, 104매, 4단계",3%,"49,960","48,320","내일(금)  
 도착 보장",100,1966
"유선 무선 우주인 우주 비행사 오로라 무드등, 03. 미니 우주인 무드등",73%,"55,000","14,810","내일(금)  
 도착 보장",100,1481
"네이쳐스토리 소프트판다 아기물티슈 캡형 40평량, 100매, 10개",14%,"12,900","10,970","내일(금)  
 도착 보장",90,37612
"도리도리 퓨어 아기물티슈 캡형 40평량, 100매, 10개",47%,"16,900","8,900","내일(금)  
 도착 보장",90,19148
"어린이집 선물 유치원 답례품 12색 칼라점토 구디백 완포장 5개, 혼합색상, 430g",16%,"15,500","12,900","내일(금)  
 도착 보장",100,324
"마이비 멸균 아기 구강티슈, 249g, 1개",5%,"7,190","6,830","내일(금)  
 도착 보장",90,13542
"캐스비 유아용 튼튼 손감각 발달 우주선 토이 KBT2410, 혼합색상",37%,"16,000","10,080","내일(금)  
 도착 보장",100,372
"임페리얼XO 분유 1단계, 800g, 3개",No discount,No original price,"58,080","내일(금)  
 도착 보장",100,6905
"비브 어반네이처 허니로즈 아기물티슈 캡형 50gsm, 100매, 10팩",43%,"21,800","12,380","내일(금)  
 도착 보장",100,12804
"HOONYS 눈오리집게세트 4종세트 스노우볼메이커, 큰눈오리집게+소형오리+눈사람+대형하트",60%,"25,000","9,900","내일(금)  
 도착 보장",100,81
"코멧 아기 물티슈 라이트 캡형 40평량, 100매, 10팩",43%,"16,000","8,990","내일(금)  
 도착 보장",90,96895
"에폭시접착제 강력본드 타일 금속 나무 방수 플라스틱 돌 퍼티 목재 다용도 44ml, 70g(44ml) 1개",57%,"32,000","13,540","내일(금)  
 도착 보장",90,320
홈플래닛 LED 수면 무드등,5%,"10,990","10,390","내일(금)  
 도착 보장",100,504
"동아제약 굿뉴스 얼리체크 임신테스트기, 1개입, 4개",26%,"18,000","13,200","내일(금)  
 도착 보장",100,18548
"브라운 프리미엄 옐로우 저자극 엠보싱 아기물티슈 휴대캡형 73gsm, 20매, 12개",56%,"22,300","9,750","내일(금)  
 도착 보장",100,44531
"팸퍼스 베이비 드라이 아동공용 기저귀 팬티형, 6단계, 120매",19%,"89,700","71,800","1/24(수)  
 도착 예정",100,19696
"팔도 뽀로로 아기보리차, 220ml, 24개",4%,"16,740","16,020","내일(금)  
 도착 보장",100,17524
"푸디버디 하양라면, 사골곰탕맛, 80g, 4개",No discount,No original price,"6,800","내일(금)  
 도착 보장",90,703
"BRAUN 체온계 IRT6525KO, 1개",14%,"97,500","82,950","내일(금)  
 도착 보장",100,326
"포멀비 키즈 3in1 유아 올인원 샴푸+컨디셔너+바디워시 대용량 복숭아향, 1L, 1개",35%,"18,500","11,880","내일(금)  
 도착 보장",100,5508
"하기스 NEW 맥스드라이 밴드형 남여공용, 3단계, 144매",10%,"44,560","39,960","내일(금)  
 도착 보장",100,3334
"서울우유치즈 앙팡 유기농 아기치즈 STEP2 20매입, 360g, 1개",No discount,No original price,"7,320","내일(금) 새벽  
 도착 보장",100,7460
"서울우유치즈 앙팡 유기농 아기치즈 STEP1 20매입, 360g, 1개",No discount,No original price,"7,320","내일(금) 새벽  
 도착 보장",100,14051
"위드네이쳐 데일리 물티슈 캡형 45평량, 120매, 10팩",26%,"14,900","10,900","내일(금)  
 도착 보장",90,3678
"그린핑거 힘센보습 에센셜 유아 바디워시, 1개, 500ml",18%,"14,500","11,800","내일(금)  
 도착 보장",100,7745
"스마일랩 배테기 데이비드 배란테스트기, 15개입, 1개",12%,"12,250","10,660","내일(금)  
 도착 보장",100,12736
"네추럴라이즈 멀티비타민 꾸미, 60정, 1개",5%,"9,090","8,570","내일(금)  
 도착 보장",100,4520
"하기스 NEW 네이처메이드 밴드형 기저귀 아동공용, 2단계, 174매",2%,"47,910","46,880","내일(금)  
 도착 보장",100,15935
"오볼 소, 랜덤색상",No discount,No original price,"6,430","내일(금)  
 도착 보장",90,8374
"브라이트스타트 고리친구들 유모차장난감 유아완구, 24개입, 혼합색상, 1세트",28%,"10,500","7,500","내일(금)  
 도착 보장",100,7035
"퍼펙션 신생아 면봉, 3개, 300개입",6%,"8,450","7,870","내일(금)  
 도착 보장",100,13864
"문교 욕실 크레용 MWBC-5A, 5색, 2개",10%,"8,390","7,520","내일(금)  
 도착 보장",100,301
"코쿠보 열 냉각시트 어린이용 무향, 16개입, 1개",62%,"12,900","4,900","내일(금)  
 도착 보장",100,2969
JS 아동용 SNOW SLED 등받이 눈썰매 손잡이형 블루,10%,"17,980","16,160","내일(금)  
 도착 보장",90,14
"마이비 멸균 아기 구강티슈, 249g, 1개",5%,"7,190","6,830","내일(금)  
 도착 보장",90,13542
"캐스비 유아용 튼튼 손감각 발달 우주선 토이 KBT2410, 혼합색상",37%,"16,000","10,080","내일(금)  
 도착 보장",100,372
아띠Ahtty 편안한 복부 입체 편직 고탄력 임산부 기모 레깅스 스타킹,33%,"18,000","11,900","내일(금)  
 도착 보장",90,91
"임페리얼XO 분유 1단계, 800g, 3개",No discount,No original price,"58,080","내일(금)  
 도착 보장",100,6905
"비브 어반네이처 허니로즈 아기물티슈 캡형 50gsm, 100매, 10팩",43%,"21,800","12,380","내일(금)  
 도착 보장",100,12804
"밀크바오밥 베이비 앤 키즈 바디 워시 풍선껌향, 500ml, 1개",41%,"19,800","11,490","내일(금)  
 도착 보장",90,9665
"HOONYS 눈오리집게세트 4종세트 스노우볼메이커, 큰눈오리집게+소형오리+눈사람+대형하트",60%,"25,000","9,900","내일(금)  
 도착 보장",100,81
"코멧 아기 물티슈 라이트 캡형 40평량, 100매, 10팩",43%,"16,000","8,990","내일(금)  
 도착 보장",90,96895
"에폭시접착제 강력본드 타일 금속 나무 방수 플라스틱 돌 퍼티 목재 다용도 44ml, 70g(44ml) 1개",57%,"32,000","13,540","내일(금)  
 도착 보장",90,320
홈플래닛 LED 수면 무드등,5%,"10,990","10,390","내일(금)  
 도착 보장",100,504
"동아제약 굿뉴스 얼리체크 임신테스트기, 1개입, 4개",26%,"18,000","13,200","내일(금)  
 도착 보장",100,18548
"브라운 프리미엄 옐로우 저자극 엠보싱 아기물티슈 휴대캡형 73gsm, 20매, 12개",56%,"22,300","9,750","내일(금)  
 도착 보장",100,44531
"팸퍼스 베이비 드라이 아동공용 기저귀 팬티형, 6단계, 120매",19%,"89,700","71,800","1/24(수)  
 도착 예정",100,19696
"팔도 뽀로로 아기보리차, 220ml, 24개",4%,"16,740","16,020","내일(금)  
 도착 보장",100,17524
"내아이애 유기농 떡뻥 쌀과자 4종 세트, 단호박, 고구마, 사과, 배, 1세트",No discount,No original price,"10,400","내일(금)  
 도착 보장",100,9403
"푸디버디 하양라면, 사골곰탕맛, 80g, 4개",No discount,No original price,"6,800","내일(금)  
 도착 보장",90,703
"졸리팝 무설탕 막대사탕 125g, 혼합맛, 1개",14%,"10,550","9,020","내일(금)  
 도착 보장",90,10514
"BRAUN 체온계 IRT6525KO, 1개",14%,"97,500","82,950","내일(금)  
 도착 보장",100,326
"포멀비 키즈 3in1 유아 올인원 샴푸+컨디셔너+바디워시 대용량 복숭아향, 1L, 1개",35%,"18,500","11,880","내일(금)  
 도착 보장",100,5508
"하기스 NEW 맥스드라이 밴드형 남여공용, 3단계, 144매",10%,"44,560","39,960","내일(금)  
 도착 보장",100,3334
"조르단 어린이치약 스텝1단계 랜덤 발송, 75g, 2개",No discount,No original price,"6,700","내일(금)  
 도착 보장",100,9439
"서울우유치즈 앙팡 유기농 아기치즈 STEP2 20매입, 360g, 1개",No discount,No original price,"7,320","내일(금) 새벽  
 도착 보장",100,7460
"서울우유치즈 앙팡 유기농 아기치즈 STEP1 20매입, 360g, 1개",No discount,No original price,"7,320","내일(금) 새벽  
 도착 보장",100,14051
"위드네이쳐 데일리 물티슈 캡형 45평량, 120매, 10팩",26%,"14,900","10,900","내일(금)  
 도착 보장",90,3678
"그린핑거 힘센보습 에센셜 유아 바디워시, 1개, 500ml",18%,"14,500","11,800","내일(금)  
 도착 보장",100,7745
"스마일랩 배테기 데이비드 배란테스트기, 15개입, 1개",12%,"12,250","10,660","내일(금)  
 도착 보장",100,12736
"네추럴라이즈 멀티비타민 꾸미, 60정, 1개",5%,"9,090","8,570","내일(금)  
 도착 보장",100,4520
"하기스 NEW 네이처메이드 밴드형 기저귀 아동공용, 2단계, 174매",2%,"47,910","46,880","내일(금)  
 도착 보장",100,15935
"오볼 소, 랜덤색상",No discount,No original price,"6,430","내일(금)  
 도착 보장",90,8374
"브라이트스타트 고리친구들 유모차장난감 유아완구, 24개입, 혼합색상, 1세트",28%,"10,500","7,500","내일(금)  
 도착 보장",100,7035
"퍼펙션 신생아 면봉, 3개, 300개입",6%,"8,450","7,870","내일(금)  
 도착 보장",100,13864
"문교 욕실 크레용 MWBC-5A, 5색, 2개",10%,"8,390","7,520","내일(금)  
 도착 보장",100,301
"코쿠보 열 냉각시트 어린이용 무향, 16개입, 1개",62%,"12,900","4,900","내일(금)  
 도착 보장",100,2969
"탐사 매직리필비닐봉투 250시리즈 호환 베이비파우더향, 10개",55%,"26,900","11,870","내일(금)  
 도착 보장",100,5962
"그로미미 교체용 빨대세트 2단계, 투명, 1세트",43%,"15,000","8,550","내일(금)  
 도착 보장",100,9385
"원포 임신테스트기 25mlU W1-S, 3개입, 3개",3%,"4,820","4,630","내일(금)  
 도착 보장",100,29695
"원포 패스터 임신테스트기 20mlU, 1개입, 8개",No discount,No original price,"10,270","내일(금)  
 도착 보장",90,11697
"원포 임신테스트기 25mlU W1-S, 3개입, 5개",2%,"7,200","7,050","내일(금)  
 도착 보장",100,29695
"원포 패스터 임신테스트기 20mlU, 1개입, 3개",No discount,No original price,"4,370","내일(금)  
 도착 보장",90,11697
"일동후디스 아이얌 유기농 쌀과자 떡뻥, 백미맛, 30g, 6개",14%,"14,700","12,600","내일(금)  
 도착 보장",100,27949
"하기스 NEW 네이처메이드 밴드형 기저귀 남아용, 3단계, 148매",6%,"49,900","46,600","내일(금)  
 도착 보장",100,4280
"상하목장 베이비 유기농 요거트 딸기 바나나, 340g, 1개",15%,"4,250","3,590","내일(금) 새벽  
 도착 보장",100,27966
"벨레다 어린이 치약, 50ml, 1개",25%,"8,500","6,300","내일(금)  
 도착 보장",100,37786
"상하목장 베이비 유기농 요거트, 85g, 4개입",19%,"4,080","3,290","내일(금) 새벽  
 도착 보장",100,46454
"스마일랩 얼리체크 임신테스트기 10mIU, 1개입, 3개",No discount,No original price,"5,060","내일(금)  
 도착 보장",90,3359
"스마일 더블체크 임신테스트기, 3개, 1개입",38%,"7,800","4,810","내일(금)  
 도착 보장",90,16901
"비지엔젤 스마트 자석 칼라보드, 혼합색상",73%,"18,000","4,790","내일(금)  
 도착 보장",90,3854
"상하목장 베이비 유기농 요거트 사과당근, 85g, 4개입",10%,"4,480","3,990","내일(금) 새벽  
 도착 보장",100,21769
"여니팩토리 청새치 led 귀지집게 색상 랜덤발송, 1개입, 1개",25%,"1,880","1,410","내일(금)  
 도착 보장",90,2582
"하기스 NEW 맥스드라이 밴드형 남여공용, 2단계, 174매",8%,"44,360","40,410","내일(금)  
 도착 보장",100,3334
"디에스 캠핑 피크닉 곰돌이 보온보냉백, 블랙",3%,"2,090","2,010","내일(금)  
 도착 보장",90,2040
"하늘선물 미니 물티슈, 20매, 20팩",10%,"9,200","8,260","내일(금)  
 도착 보장",100,5127
"바르네 풀테이프 BGT-0180, 그린, 5개입",13%,"9,450","8,210","내일(금)  
 도착 보장",100,1852
"문교 바다 돌돌이 색연필, 2개, 12색",12%,"4,080","3,590","내일(금)  
 도착 보장",100,1138
"아이배냇베베 순간장 소스 190ml, 비빔용, 1개",7%,"4,670","4,320","내일(금)  
 도착 보장",100,11211
"종이나라 투명나라풀, 35g, 12개",53%,"14,400","6,630","내일(금)  
 도착 보장",90,7445
"지앤마 써니비 남아용 1단계 유아칫솔, 1개입, 20개",13%,"9,900","8,550","내일(금)  
 도착 보장",100,398
"2080 브레드이발소 키즈 치약 3스텝 베리믹스향, 80g, 6개",57%,"18,900","8,000","내일(금)  
 도착 보장",100,3662
로엠걸즈 여아용 옷이날개 레이스 앞치마 RGOW2249P,64%,"16,800","6,040",No delivery info,100,33
"이크 실리콘 투약병 3종 세트, 1세트",No discount,No original price,"13,250","내일(금)  
 도착 보장",100,2205
"브라운 프리미엄 옐로우 저자극 엠보싱 아기물티슈 휴대캡형 73gsm, 20매, 12개",56%,"22,300","9,750","내일(금)  
 도착 보장",100,44531
"팸퍼스 베이비 드라이 아동공용 기저귀 팬티형, 6단계, 120매",19%,"89,700","71,800","1/24(수)  
 도착 예정",100,19696
"팔도 뽀로로 아기보리차, 220ml, 24개",4%,"16,740","16,020","내일(금)  
 도착 보장",100,17524
"내아이애 유기농 떡뻥 쌀과자 4종 세트, 단호박, 고구마, 사과, 배, 1세트",No discount,No original price,"10,400","내일(금)  
 도착 보장",100,9403
"남양이오 베이비 요구르트, 80ml, 15입",No discount,No original price,"7,440","내일(금) 새벽  
 도착 보장",100,5210
"푸디버디 하양라면, 사골곰탕맛, 80g, 4개",No discount,No original price,"6,800","내일(금)  
 도착 보장",90,703
"졸리팝 무설탕 막대사탕 125g, 혼합맛, 1개",14%,"10,550","9,020","내일(금)  
 도착 보장",90,10514
"BRAUN 체온계 IRT6525KO, 1개",14%,"97,500","82,950","내일(금)  
 도착 보장",100,326
"마이비 자연품은 유아 얼룩제거제 리필 300ml, 3개",14%,"12,120","10,370","내일(금)  
 도착 보장",100,2642
"포멀비 키즈 3in1 유아 올인원 샴푸+컨디셔너+바디워시 대용량 복숭아향, 1L, 1개",35%,"18,500","11,880","내일(금)  
 도착 보장",100,5508
"하기스 NEW 맥스드라이 밴드형 남여공용, 3단계, 144매",10%,"44,560","39,960","내일(금)  
 도착 보장",100,3334
"조르단 어린이치약 스텝1단계 랜덤 발송, 75g, 2개",No discount,No original price,"6,700","내일(금)  
 도착 보장",100,9439
"서울우유치즈 앙팡 유기농 아기치즈 STEP2 20매입, 360g, 1개",No discount,No original price,"7,320","내일(금) 새벽  
 도착 보장",100,7460
"서울우유치즈 앙팡 유기농 아기치즈 STEP1 20매입, 360g, 1개",No discount,No original price,"7,320","내일(금) 새벽  
 도착 보장",100,14051
"위드네이쳐 데일리 물티슈 캡형 45평량, 120매, 10팩",26%,"14,900","10,900","내일(금)  
 도착 보장",90,3678
"락피도 비타민D 드롭스 400IU, 10ml, 1개",65%,"22,000","7,550","내일(금)  
 도착 보장",100,5611
"홈인더스트리 콘센트 안전마개, 12개입",1%,"6,370","6,300","내일(금)  
 도착 보장",100,6424
"그린핑거 힘센보습 에센셜 유아 바디워시, 1개, 500ml",18%,"14,500","11,800","내일(금)  
 도착 보장",100,7745
"흔한남매 수수께끼 어드벤처, 4권, 미래엔, 노지영",10%,"14,000","12,600","1/22(월)  
 도착 보장",No rating,No reviews
"스마일랩 배테기 데이비드 배란테스트기, 15개입, 1개",12%,"12,250","10,660","내일(금)  
 도착 보장",100,12736
"네추럴라이즈 멀티비타민 꾸미, 60정, 1개",5%,"9,090","8,570","내일(금)  
 도착 보장",100,4520
"하기스 NEW 네이처메이드 밴드형 기저귀 아동공용, 2단계, 174매",2%,"47,910","46,880","내일(금)  
 도착 보장",100,15935
"필립스 아벤트 울트라 소프트 노리개 SCF222/02 2p, 0~6개월, 핑크, 1세트",28%,"15,000","10,700","내일(금)  
 도착 보장",100,10441
"오볼 소, 랜덤색상",No discount,No original price,"6,430","내일(금)  
 도착 보장",90,8374
"브라이트스타트 고리친구들 유모차장난감 유아완구, 24개입, 혼합색상, 1세트",28%,"10,500","7,500","내일(금)  
 도착 보장",100,7035
"퍼펙션 신생아 면봉, 3개, 300개입",6%,"8,450","7,870","내일(금)  
 도착 보장",100,13864
"헤즈브로 플레이도우 칼라도우 뉴 8팩, 혼합 색상, 530g",20%,"8,900","7,070","내일(금)  
 도착 보장",100,12892
"문교 욕실 크레용 MWBC-5A, 5색, 2개",10%,"8,390","7,520","내일(금)  
 도착 보장",100,301
"코쿠보 열 냉각시트 어린이용 무향, 16개입, 1개",62%,"12,900","4,900","내일(금)  
 도착 보장",100,2969
"탐사 매직리필비닐봉투 250시리즈 호환 베이비파우더향, 10개",55%,"26,900","11,870","내일(금)  
 도착 보장",100,5962
"그로미미 교체용 빨대세트 2단계, 투명, 1세트",43%,"15,000","8,550","내일(금)  
 도착 보장",100,9385
"원포 임신테스트기 25mlU W1-S, 3개입, 3개",3%,"4,820","4,630","내일(금)  
 도착 보장",100,29695
"원포 임신테스트기 25mlU W1-S, 3개입, 1개",4%,"1,950","1,860","내일(금)  
 도착 보장",100,29695
"원포 패스터 임신테스트기 20mlU, 1개입, 8개",No discount,No original price,"10,270","내일(금)  
 도착 보장",90,11697
"원포 임신테스트기 25mlU W1-S, 3개입, 5개",2%,"7,200","7,050","내일(금)  
 도착 보장",100,29695
"원포 패스터 임신테스트기 20mlU, 1개입, 3개",No discount,No original price,"4,370","내일(금)  
 도착 보장",90,11697
"일동후디스 아이얌 유기농 쌀과자 떡뻥, 백미맛, 30g, 6개",14%,"14,700","12,600","내일(금)  
 도착 보장",100,27949
"하기스 NEW 네이처메이드 밴드형 기저귀 남아용, 3단계, 148매",6%,"49,900","46,600","내일(금)  
 도착 보장",100,4280
"상하목장 베이비 유기농 요거트 딸기 바나나, 340g, 1개",15%,"4,250","3,590","내일(금) 새벽  
 도착 보장",100,27966
"벨레다 어린이 치약, 50ml, 1개",25%,"8,500","6,300","내일(금)  
 도착 보장",100,37786
"코끼리 콧물쏙 수동식 의료용 콧물흡인기, 뻥코3 플러스, 1개",10%,"3,660","3,280","내일(금)  
 도착 보장",100,6767
"상하목장 베이비 유기농 요거트, 85g, 4개입",19%,"4,080","3,290","내일(금) 새벽  
 도착 보장",100,46454
"스마일랩 얼리체크 임신테스트기 10mIU, 1개입, 3개",No discount,No original price,"5,060","내일(금)  
 도착 보장",90,3359
"스마일 더블체크 임신테스트기, 3개, 1개입",38%,"7,800","4,810","내일(금)  
 도착 보장",90,16901
"비지엔젤 스마트 자석 칼라보드, 혼합색상",73%,"18,000","4,790","내일(금)  
 도착 보장",90,3854
"상하목장 베이비 유기농 요거트 사과당근, 85g, 4개입",10%,"4,480","3,990","내일(금) 새벽  
 도착 보장",100,21769
"하기스 NEW 네이처메이드 밴드형 기저귀 아동공용, 1단계, 66매",12%,"19,000","16,580","내일(금)  
 도착 보장",100,15935
"여니팩토리 청새치 led 귀지집게 색상 랜덤발송, 1개입, 1개",25%,"1,880","1,410","내일(금)  
 도착 보장",90,2582
"하기스 NEW 맥스드라이 밴드형 남여공용, 2단계, 174매",8%,"44,360","40,410","내일(금)  
 도착 보장",100,3334
"디에스 캠핑 피크닉 곰돌이 보온보냉백, 블랙",3%,"2,090","2,010","내일(금)  
 도착 보장",90,2040
"하늘선물 미니 물티슈, 20매, 20팩",10%,"9,200","8,260","내일(금)  
 도착 보장",100,5127
"바르네 풀테이프 BGT-0180, 그린, 5개입",13%,"9,450","8,210","내일(금)  
 도착 보장",100,1852
"일동후디스 아이얌 우리아이 오가닉김 비타민D3, 2개, 15g",No discount,No original price,"4,770","내일(금)  
 도착 예정",90,5286
"문교 바다 돌돌이 색연필, 2개, 12색",12%,"4,080","3,590","내일(금)  
 도착 보장",100,1138
"아이배냇베베 순간장 소스 190ml, 비빔용, 1개",7%,"4,670","4,320","내일(금)  
 도착 보장",100,11211
"종이나라 투명나라풀, 35g, 12개",53%,"14,400","6,630","내일(금)  
 도착 보장",90,7445
"지앤마 써니비 남아용 1단계 유아칫솔, 1개입, 20개",13%,"9,900","8,550","내일(금)  
 도착 보장",100,398
"2080 브레드이발소 키즈 치약 3스텝 베리믹스향, 80g, 6개",57%,"18,900","8,000","내일(금)  
 도착 보장",100,3662
로엠걸즈 여아용 옷이날개 레이스 앞치마 RGOW2249P,64%,"16,800","6,040",No delivery info,100,33
"졸리팝 무설탕 막대사탕 125g, 혼합맛, 1개",14%,"10,550","9,020","내일(금)  
 도착 보장",90,10514
"BRAUN 체온계 IRT6525KO, 1개",14%,"97,500","82,950","내일(금)  
 도착 보장",100,326
"마이비 자연품은 유아 얼룩제거제 리필 300ml, 3개",14%,"12,120","10,370","내일(금)  
 도착 보장",100,2642
"포멀비 키즈 3in1 유아 올인원 샴푸+컨디셔너+바디워시 대용량 복숭아향, 1L, 1개",35%,"18,500","11,880","내일(금)  
 도착 보장",100,5508
"하기스 NEW 맥스드라이 밴드형 남여공용, 3단계, 144매",10%,"44,560","39,960","내일(금)  
 도착 보장",100,3334
"조르단 어린이치약 스텝1단계 랜덤 발송, 75g, 2개",No discount,No original price,"6,700","내일(금)  
 도착 보장",100,9439
"서울우유치즈 앙팡 유기농 아기치즈 STEP2 20매입, 360g, 1개",No discount,No original price,"7,320","내일(금) 새벽  
 도착 보장",100,7460
"서울우유치즈 앙팡 유기농 아기치즈 STEP1 20매입, 360g, 1개",No discount,No original price,"7,320","내일(금) 새벽  
 도착 보장",100,14051
"위드네이쳐 데일리 물티슈 캡형 45평량, 120매, 10팩",26%,"14,900","10,900","내일(금)  
 도착 보장",90,3678
"락피도 비타민D 드롭스 400IU, 10ml, 1개",65%,"22,000","7,550","내일(금)  
 도착 보장",100,5611
"홈인더스트리 콘센트 안전마개, 12개입",1%,"6,370","6,300","내일(금)  
 도착 보장",100,6424
"그린핑거 힘센보습 에센셜 유아 바디워시, 1개, 500ml",18%,"14,500","11,800","내일(금)  
 도착 보장",100,7745
"흔한남매 수수께끼 어드벤처, 4권, 미래엔, 노지영",10%,"14,000","12,600","1/22(월)  
 도착 보장",No rating,No reviews
"스마일랩 배테기 데이비드 배란테스트기, 15개입, 1개",12%,"12,250","10,660","내일(금)  
 도착 보장",100,12736
"네추럴라이즈 멀티비타민 꾸미, 60정, 1개",5%,"9,090","8,570","내일(금)  
 도착 보장",100,4520
"하기스 NEW 네이처메이드 밴드형 기저귀 아동공용, 2단계, 174매",2%,"47,910","46,880","내일(금)  
 도착 보장",100,15935
"필립스 아벤트 울트라 소프트 노리개 SCF222/02 2p, 0~6개월, 핑크, 1세트",28%,"15,000","10,700","내일(금)  
 도착 보장",100,10441
"오볼 소, 랜덤색상",No discount,No original price,"6,430","내일(금)  
 도착 보장",90,8374
"브라이트스타트 고리친구들 유모차장난감 유아완구, 24개입, 혼합색상, 1세트",28%,"10,500","7,500","내일(금)  
 도착 보장",100,7035
"그로미미 PPSU 다크시리즈 빨대컵, 크림베이지, 1개, 200ml",6%,"15,220","14,220","내일(금)  
 도착 보장",100,10886
"퍼펙션 신생아 면봉, 3개, 300개입",6%,"8,450","7,870","내일(금)  
 도착 보장",100,13864
"헤즈브로 플레이도우 칼라도우 뉴 8팩, 혼합 색상, 530g",20%,"8,900","7,070","내일(금)  
 도착 보장",100,12892
"문교 욕실 크레용 MWBC-5A, 5색, 2개",10%,"8,390","7,520","내일(금)  
 도착 보장",100,301
"코쿠보 열 냉각시트 어린이용 무향, 16개입, 1개",62%,"12,900","4,900","내일(금)  
 도착 보장",100,2969
"탐사 매직리필비닐봉투 250시리즈 호환 베이비파우더향, 10개",55%,"26,900","11,870","내일(금)  
 도착 보장",100,5962
"그로미미 교체용 빨대세트 2단계, 투명, 1세트",43%,"15,000","8,550","내일(금)  
 도착 보장",100,9385
"원포 임신테스트기 25mlU W1-S, 3개입, 3개",3%,"4,820","4,630","내일(금)  
 도착 보장",100,29695
"원포 임신테스트기 25mlU W1-S, 3개입, 1개",4%,"1,950","1,860","내일(금)  
 도착 보장",100,29695
"원포 패스터 임신테스트기 20mlU, 1개입, 8개",No discount,No original price,"10,270","내일(금)  
 도착 보장",90,11697
"원포 임신테스트기 25mlU W1-S, 3개입, 5개",2%,"7,200","7,050","내일(금)  
 도착 보장",100,29695
"원포 패스터 임신테스트기 20mlU, 1개입, 3개",No discount,No original price,"4,370","내일(금)  
 도착 보장",90,11697
"두들북 : 아기상어, 핑크퐁",32%,"8,000","5,400","내일(금)  
 도착 보장",100,936
"일동후디스 아이얌 유기농 쌀과자 떡뻥, 백미맛, 30g, 6개",14%,"14,700","12,600","내일(금)  
 도착 보장",100,27949
"하기스 NEW 네이처메이드 밴드형 기저귀 남아용, 3단계, 148매",6%,"49,900","46,600","내일(금)  
 도착 보장",100,4280
"상하목장 베이비 유기농 요거트 딸기 바나나, 340g, 1개",15%,"4,250","3,590","내일(금) 새벽  
 도착 보장",100,27966
"벨레다 어린이 치약, 50ml, 1개",25%,"8,500","6,300","내일(금)  
 도착 보장",100,37786
"코끼리 콧물쏙 수동식 의료용 콧물흡인기, 뻥코3 플러스, 1개",10%,"3,660","3,280","내일(금)  
 도착 보장",100,6767
"상하목장 베이비 유기농 요거트, 85g, 4개입",19%,"4,080","3,290","내일(금) 새벽  
 도착 보장",100,46454
"스마일랩 얼리체크 임신테스트기 10mIU, 1개입, 3개",No discount,No original price,"5,060","내일(금)  
 도착 보장",90,3359
"스마일 더블체크 임신테스트기, 3개, 1개입",38%,"7,800","4,810","내일(금)  
 도착 보장",90,16901
"비지엔젤 스마트 자석 칼라보드, 혼합색상",73%,"18,000","4,790","내일(금)  
 도착 보장",90,3854
"상하목장 베이비 유기농 요거트 사과당근, 85g, 4개입",10%,"4,480","3,990","내일(금) 새벽  
 도착 보장",100,21769
"하기스 NEW 네이처메이드 밴드형 기저귀 아동공용, 1단계, 66매",12%,"19,000","16,580","내일(금)  
 도착 보장",100,15935
"하기스 NEW 맥스드라이 밴드형 남여공용, 4단계, 120매",10%,"44,560","40,000","내일(금)  
 도착 보장",100,3334
"코멧 모조전지 70g 30매, 전지",39%,"9,900","5,990","내일(금)  
 도착 보장",100,1915
"여니팩토리 청새치 led 귀지집게 색상 랜덤발송, 1개입, 1개",25%,"1,880","1,410","내일(금)  
 도착 보장",90,2582
"하기스 NEW 맥스드라이 밴드형 남여공용, 2단계, 174매",8%,"44,360","40,410","내일(금)  
 도착 보장",100,3334
"종이나라 양면색종이, 30색, 300매",No discount,No original price,"4,700","내일(금)  
 도착 보장",100,3254
"디에스 캠핑 피크닉 곰돌이 보온보냉백, 블랙",3%,"2,090","2,010","내일(금)  
 도착 보장",90,2040
"하늘선물 미니 물티슈, 20매, 20팩",10%,"9,200","8,260","내일(금)  
 도착 보장",100,5127
"바르네 풀테이프 BGT-0180, 그린, 5개입",13%,"9,450","8,210","내일(금)  
 도착 보장",100,1852
"일동후디스 아이얌 우리아이 오가닉김 비타민D3, 2개, 15g",No discount,No original price,"4,770","내일(금)  
 도착 예정",90,5286
아이코어스 투명 탑로더 25p,No discount,No original price,"4,830","내일(금)  
 도착 보장",90,1219
"문교 바다 돌돌이 색연필, 2개, 12색",12%,"4,080","3,590","내일(금)  
 도착 보장",100,1138
"아이배냇 순 간장소스 국물용 190ml, 1개",7%,"4,670","4,320","내일(금)  
 도착 보장",100,11211
"아이배냇베베 순간장 소스 190ml, 비빔용, 1개",7%,"4,670","4,320","내일(금)  
 도착 보장",100,11211
"라이온 키즈세이프 충치 집중케어 치약, 60g, 3개",59%,"11,250","4,570","내일(금)  
 도착 보장",100,7285
"종이나라 투명나라풀, 35g, 12개",53%,"14,400","6,630","내일(금)  
 도착 보장",90,7445
"지앤마 써니비 남아용 1단계 유아칫솔, 1개입, 20개",13%,"9,900","8,550","내일(금)  
 도착 보장",100,398
"2080 브레드이발소 키즈 치약 3스텝 베리믹스향, 80g, 6개",57%,"18,900","8,000","내일(금)  
 도착 보장",100,3662
"서울우유치즈 앙팡 유기농 아기치즈 STEP2 20매입, 360g, 1개",No discount,No original price,"7,320","내일(금) 새벽  
 도착 보장",100,7460
"서울우유치즈 앙팡 유기농 아기치즈 STEP1 20매입, 360g, 1개",No discount,No original price,"7,320","내일(금) 새벽  
 도착 보장",100,14051
"위드네이쳐 데일리 물티슈 캡형 45평량, 120매, 10팩",26%,"14,900","10,900","내일(금)  
 도착 보장",90,3678
"그린핑거 베베그로우 젖꼭지 2p, M(3~6개월), 1세트",No discount,No original price,"10,290","내일(금)  
 도착 보장",100,2803
"락피도 비타민D 드롭스 400IU, 10ml, 1개",65%,"22,000","7,550","내일(금)  
 도착 보장",100,5611
"홈인더스트리 콘센트 안전마개, 12개입",1%,"6,370","6,300","내일(금)  
 도착 보장",100,6424
"그린핑거 힘센보습 에센셜 유아 바디워시, 1개, 500ml",18%,"14,500","11,800","내일(금)  
 도착 보장",100,7745
"흔한남매 수수께끼 어드벤처, 4권, 미래엔, 노지영",10%,"14,000","12,600","1/22(월)  
 도착 보장",No rating,No reviews
"스마일랩 배테기 데이비드 배란테스트기, 15개입, 1개",12%,"12,250","10,660","내일(금)  
 도착 보장",100,12736
"네추럴라이즈 멀티비타민 꾸미, 60정, 1개",5%,"9,090","8,570","내일(금)  
 도착 보장",100,4520
"하기스 NEW 네이처메이드 밴드형 기저귀 아동공용, 2단계, 174매",2%,"47,910","46,880","내일(금)  
 도착 보장",100,15935
"필립스 아벤트 울트라 소프트 노리개 SCF222/02 2p, 0~6개월, 핑크, 1세트",28%,"15,000","10,700","내일(금)  
 도착 보장",100,10441
"오볼 소, 랜덤색상",No discount,No original price,"6,430","내일(금)  
 도착 보장",90,8374
"브라이트스타트 고리친구들 유모차장난감 유아완구, 24개입, 혼합색상, 1세트",28%,"10,500","7,500","내일(금)  
 도착 보장",100,7035
"그로미미 PPSU 다크시리즈 빨대컵, 크림베이지, 1개, 200ml",6%,"15,220","14,220","내일(금)  
 도착 보장",100,10886
"퍼펙션 신생아 면봉, 3개, 300개입",6%,"8,450","7,870","내일(금)  
 도착 보장",100,13864
"헤즈브로 플레이도우 칼라도우 뉴 8팩, 혼합 색상, 530g",20%,"8,900","7,070","내일(금)  
 도착 보장",100,12892
"문교 욕실 크레용 MWBC-5A, 5색, 2개",10%,"8,390","7,520","내일(금)  
 도착 보장",100,301
"코쿠보 열 냉각시트 어린이용 무향, 16개입, 1개",62%,"12,900","4,900","내일(금)  
 도착 보장",100,2969
"탐사 매직리필비닐봉투 250시리즈 호환 베이비파우더향, 10개",55%,"26,900","11,870","내일(금)  
 도착 보장",100,5962
"머머 베이비 퓨어 곤약 스폰지, 2개",36%,"7,590","4,800","내일(금)  
 도착 보장",90,3969
"그로미미 교체용 빨대세트 2단계, 투명, 1세트",43%,"15,000","8,550","내일(금)  
 도착 보장",100,9385
"원포 임신테스트기 25mlU W1-S, 3개입, 3개",3%,"4,820","4,630","내일(금)  
 도착 보장",100,29695
"원포 임신테스트기 25mlU W1-S, 3개입, 1개",4%,"1,950","1,860","내일(금)  
 도착 보장",100,29695
"원포 패스터 임신테스트기 20mlU, 1개입, 8개",No discount,No original price,"10,270","내일(금)  
 도착 보장",90,11697
"원포 임신테스트기 25mlU W1-S, 3개입, 5개",2%,"7,200","7,050","내일(금)  
 도착 보장",100,29695
"원포 패스터 임신테스트기 20mlU, 1개입, 3개",No discount,No original price,"4,370","내일(금)  
 도착 보장",90,11697
"두들북 : 아기상어, 핑크퐁",32%,"8,000","5,400","내일(금)  
 도착 보장",100,936
"일동후디스 아이얌 유기농 쌀과자 떡뻥, 백미맛, 30g, 6개",14%,"14,700","12,600","내일(금)  
 도착 보장",100,27949
"하기스 NEW 네이처메이드 밴드형 기저귀 남아용, 3단계, 148매",6%,"49,900","46,600","내일(금)  
 도착 보장",100,4280
"상하목장 베이비 유기농 요거트 딸기 바나나, 340g, 1개",15%,"4,250","3,590","내일(금) 새벽  
 도착 보장",100,27966
"벨레다 어린이 치약, 50ml, 1개",25%,"8,500","6,300","내일(금)  
 도착 보장",100,37786
"코끼리 콧물쏙 수동식 의료용 콧물흡인기, 뻥코3 플러스, 1개",10%,"3,660","3,280","내일(금)  
 도착 보장",100,6767
"동아제약 굿 뉴스 임신테스트기, 3개입, 1개",25%,"6,000","4,470","내일(금)  
 도착 보장",90,14833
"상하목장 베이비 유기농 요거트, 85g, 4개입",19%,"4,080","3,290","내일(금) 새벽  
 도착 보장",100,46454
"스마일랩 얼리체크 임신테스트기 10mIU, 1개입, 3개",No discount,No original price,"5,060","내일(금)  
 도착 보장",90,3359
"스마일 더블체크 임신테스트기, 3개, 1개입",38%,"7,800","4,810","내일(금)  
 도착 보장",90,16901
"비지엔젤 스마트 자석 칼라보드, 혼합색상",73%,"18,000","4,790","내일(금)  
 도착 보장",90,3854
"상하목장 베이비 유기농 요거트 사과당근, 85g, 4개입",10%,"4,480","3,990","내일(금) 새벽  
 도착 보장",100,21769
"하기스 NEW 네이처메이드 밴드형 기저귀 아동공용, 1단계, 66매",12%,"19,000","16,580","내일(금)  
 도착 보장",100,15935
"하기스 NEW 맥스드라이 밴드형 남여공용, 4단계, 120매",10%,"44,560","40,000","내일(금)  
 도착 보장",100,3334
"윰스 마카롱컬러 이벤트풍선, 혼합 색상, 100개입",50%,"8,800","4,390","내일(금)  
 도착 보장",90,2230
"코멧 모조전지 70g 30매, 전지",39%,"9,900","5,990","내일(금)  
 도착 보장",100,1915
"여니팩토리 청새치 led 귀지집게 색상 랜덤발송, 1개입, 1개",25%,"1,880","1,410","내일(금)  
 도착 보장",90,2582
"하기스 NEW 맥스드라이 밴드형 남여공용, 2단계, 174매",8%,"44,360","40,410","내일(금)  
 도착 보장",100,3334
"종이나라 양면색종이, 30색, 300매",No discount,No original price,"4,700","내일(금)  
 도착 보장",100,3254
"디에스 캠핑 피크닉 곰돌이 보온보냉백, 블랙",3%,"2,090","2,010","내일(금)  
 도착 보장",90,2040
"하늘선물 미니 물티슈, 20매, 20팩",10%,"9,200","8,260","내일(금)  
 도착 보장",100,5127
"바르네 풀테이프 BGT-0180, 그린, 5개입",13%,"9,450","8,210","내일(금)  
 도착 보장",100,1852
"일동후디스 아이얌 우리아이 오가닉김 비타민D3, 2개, 15g",No discount,No original price,"4,770","내일(금)  
 도착 예정",90,5286
아이코어스 투명 탑로더 25p,No discount,No original price,"4,830","내일(금)  
 도착 보장",90,1219
"문교 바다 돌돌이 색연필, 2개, 12색",12%,"4,080","3,590","내일(금)  
 도착 보장",100,1138
"아이배냇 순 간장소스 국물용 190ml, 1개",7%,"4,670","4,320","내일(금)  
 도착 보장",100,11211
"아이배냇베베 순간장 소스 190ml, 비빔용, 1개",7%,"4,670","4,320","내일(금)  
 도착 보장",100,11211
"라이온 키즈세이프 충치 집중케어 치약, 60g, 3개",59%,"11,250","4,570","내일(금)  
 도착 보장",100,7285
"랄랄라 사운드 벽보 8: 구구단, 키움",37%,"5,000","3,150","내일(금)  
 도착 보장",90,5078
"종이나라 투명나라풀, 35g, 12개",53%,"14,400","6,630","내일(금)  
 도착 보장",90,7445
"지앤마 써니비 남아용 1단계 유아칫솔, 1개입, 20개",13%,"9,900","8,550","내일(금)  
 도착 보장",100,398
"2080 브레드이발소 키즈 치약 3스텝 베리믹스향, 80g, 6개",57%,"18,900","8,000","내일(금)  
 도착 보장",100,3662
"퍼기 유기농 이유식 쌀가루 가루입자, 200g, 1개",38%,"8,000","4,900","내일(금)  
 도착 보장",100,595
